lemma	lemma_orth	xpostag	llfpm10	lemma_freq	coda	c1	c2	lemma_syl_count	form_v	form_v_orth	suffix_v	freq_v	lfpm10v	suffix_nv	form_nv	form_nv_orth	freq_nv	lfpm10nv	odds_v	lo_v	varies	tag	tag_freq_in_dataset
tart	tart	[/V][Prs.NDef.3Pl]	3.987109835917599	8319452	rt	r	t	1	tartanak	tartanak	anak	422679	2.693025786813986	nak	tartnak	tartnak	99	-0.937349689860408	4269.484848484848	8.359248454561612	TRUE	3Pl (rajonganak)	440
ṉújt	nyújt	[/V][Prs.NDef.3Pl]	3.490448433130639	2651144	jt	j	t	1	ṉújtanak	nyújtanak	anak	224173	2.417598419353469	nak	ṉújtnak	nyújtnak	46	-1.2702270527763837	4873.326086956522	8.491531957689928	TRUE	3Pl (rajonganak)	440
kezd	kezd	[/V][Prs.NDef.3Pl]	3.772113864625659	5071060	zd	z	d	1	kezdenek	kezdenek	enek	148387	2.2384109701537196	nek	kezdnek	kezdnek	592	-0.16066317773503802	250.65371621621622	5.524072369916046	TRUE	3Pl (rajonganak)	440
mond	mond	[/V][Prs.NDef.3Pl]	4.129447533832242	11546023	nd	n	d	1	mondanak	mondanak	anak	113365	2.1214941079024947	nak	mondnak	mondnak	412	-0.3180876684248232	275.15776699029124	5.617344631311217	TRUE	3Pl (rajonganak)	440
dönt	dönt	[/V][Prs.NDef.3Pl]	3.394476429170933	2125501	nt	n	t	1	döntenek	döntenek	enek	103279	2.0810271397598905	nek	döntnek	döntnek	8	-2.0298948974660145	12909.875	9.465747801377082	TRUE	3Pl (rajonganak)	440
tölt	tölt	[/V][Prs.NDef.3Pl]	3.4380290110614276	2349708	lt	l	t	1	töltenek	töltenek	enek	94093	2.040572431058009	nek	töltnek	töltnek	6	-2.1548336340743144	15682.166666666666	9.660279464630493	TRUE	3Pl (rajonganak)	440
küzd	küzd	[/V][Prs.NDef.3Pl]	2.8842471998392543	656496	zd	z	d	1	küzdenek	küzdenek	enek	82211	1.9819450464602493	nek	küzdnek	küzdnek	36	-1.3766823836906703	2283.6388888888887	7.733525453586409	TRUE	3Pl (rajonganak)	440
tekint	tekint	[/V][Prs.NDef.3Pl]	3.253129436802632	1535021	nt	n	t	2	tekintenek	tekintenek	enek	63023	1.8665141880143536	nek	tekintnek	tekintnek	12	-1.853803638410333	5251.916666666667	8.566348368325492	TRUE	3Pl (rajonganak)	440
válast	választ	[/V][Prs.NDef.3Pl]	3.596984538197973	3388203	st	s	t	2	válastanak	választanak	anak	62873	1.8654792988501032	nak	válastnak	választnak	13	-1.819041532151121	4836.384615384615	8.483922740289453	TRUE	3Pl (rajonganak)	440
ḏűjt	gyűjt	[/V][Prs.NDef.3Pl]	2.9400629622305536	746531	jt	j	t	1	ḏűjtenek	gyűjtenek	enek	52991	1.791217230760921	nek	ḏűjtnek	gyűjtnek	22	-1.5905622036357516	2408.681818181818	7.786834913435613	TRUE	3Pl (rajonganak)	440
foḏast	fogyaszt	[/V][Prs.NDef.3Pl]	2.9152615186654556	705093	st	s	t	2	foḏastanak	fogyasztanak	anak	52621	1.7881742126242093	nak	foḏastnak	fogyasztnak	9	-1.978742375018633	5846.777777777777	8.673645981258407	TRUE	3Pl (rajonganak)	440
küld	küld	[/V][Prs.NDef.3Pl]	3.329046184230405	1828231	ld	l	d	1	küldenek	küldenek	enek	49552	1.7620763035547538	nek	küldnek	küldnek	79	-1.0353577931675164	627.2405063291139	6.441330049745963	TRUE	3Pl (rajonganak)	440
teremt	teremt	[/V][Prs.NDef.3Pl]	2.9969798872652507	851069	mt	m	t	2	teremtenek	teremtenek	enek	44547	1.7158335775105404	nek	teremtnek	teremtnek	2	-2.6319548887939765	22273.5	10.011152910004226	TRUE	3Pl (rajonganak)	440
tart	tart	[/V][Prs.NDef.2Sg]	3.987109835917599	8319452	rt	r	t	1	tartas	tartasz	as	41142	1.6813005153910607	s	tarts	tartsz	185	-0.6658131560549441	222.38918918918918	5.404428951434094	TRUE	2Sg (rajongasz)	438
mond	mond	[/V][Prs.NDef.2Sg]	4.129447533832242	11546023	nd	n	d	1	mondas	mondasz	as	39605	1.6647651331678863	s	monds	mondsz	407	-0.3233904752327378	97.30958230958231	4.577897466455785	TRUE	2Sg (rajongasz)	438
ḏárt	gyárt	[/V][Prs.NDef.3Pl]	2.644984606286616	378416	rt	r	t	1	ḏártanak	gyártanak	anak	38159	1.648612100542327	nak	ḏártnak	gyártnak	12	-1.853803638410333	3179.9166666666665	8.06461026998012	TRUE	3Pl (rajonganak)	440
költ	költ	[/V][Prs.NDef.3Pl]	2.6688025015437415	399749	lt	l	t	1	költenek	költenek	enek	37867	1.6452760151953587	nek	költnek	költnek	12	-1.853803638410333	3155.5833333333335	8.056928649591235	TRUE	3Pl (rajonganak)	440
eḏetért	egyetért	[/V][Prs.NDef.3Pl]	2.6806793792943684	410832	rt	r	t	3	eḏetértenek	egyetértenek	enek	35284	1.6145929289478442	nek	eḏetértnek	egyetértnek	6	-2.1548336340743144	5880.666666666667	8.679425413150602	TRUE	3Pl (rajonganak)	440
ért	ért	[/V][Prs.NDef.2Sg]	3.4293511043012694	2303223	rt	r	t	1	értes	értesz	es	34591	1.605978232867311	s	érts	értsz	76	-1.0521712921771664	455.14473684210526	6.120615471316616	TRUE	2Sg (rajongasz)	438
hajt	hajt	[/V][Prs.NDef.3Pl]	2.919594521957997	712163	jt	j	t	1	hajtanak	hajtanak	anak	33773	1.5955847555549336	nak	hajtnak	hajtnak	18	-1.6777123793546518	1876.2777777777778	7.537045187782931	TRUE	3Pl (rajonganak)	440
ajánl	ajánl	[/V][Prs.NDef.3Pl]	3.322595137004172	1801275	nl	n	l	2	ajánlanak	ajánlanak	anak	30906	1.5570579158062647	nak	ajánlnak	ajánlnak	26	-1.5180115364871398	1188.6923076923076	7.080609080772158	TRUE	3Pl (rajonganak)	440
ost	oszt	[/V][Prs.NDef.3Pl]	3.0325272520246824	923660	st	s	t	1	ostanak	osztanak	anak	26269	1.486458656057534	nak	ostnak	osztnak	4	-2.3309248931299953	6567.25	8.789850454599907	TRUE	3Pl (rajonganak)	440
kezd	kezd	[/V][Prs.NDef.2Sg]	3.772113864625659	5071060	zd	z	d	1	kezdes	kezdesz	es	26079	1.483306049886882	s	kezds	kezdsz	8	-2.0298948974660145	3259.875	8.089444130067339	TRUE	2Sg (rajongasz)	438
válast	választ	[/V][Prs.NDef.2Sg]	3.596984538197973	3388203	st	s	t	2	válastas	választasz	as	23424	1.43667617492034	s	válasts	választsz	3	-2.455863629738295	7808	8.962904128092928	TRUE	2Sg (rajongasz)	438
dönt	dönt	[/V][Prs.NDef.2Sg]	3.394476429170933	2125501	nt	n	t	1	döntes	döntesz	es	22910	1.4270402047314397	s	dönts	döntsz	22	-1.5905622036357516	1041.3636363636363	6.948286322089225	TRUE	2Sg (rajongasz)	438
rejt	rejt	[/V][Prs.NDef.3Pl]	2.5010631926907587	271674	jt	j	t	1	rejtenek	rejtenek	enek	22724	1.4234998961472631	nek	rejtnek	rejtnek	22	-1.5905622036357516	1032.909090909091	6.940134460318702	TRUE	3Pl (rajonganak)	440
érint	érint	[/V][Prs.NDef.3Pl]	3.006391077264476	869713	nt	n	t	2	érintenek	érintenek	enek	20493	1.3786206555965097	nek	érintnek	érintnek	3	-2.455863629738295	6831	8.82922635473185	TRUE	3Pl (rajonganak)	440
örvend	örvend	[/V][Prs.NDef.3Pl]	2.1193126646506104	112797	nd	n	d	2	örvendenek	örvendenek	enek	18970	1.3450824464307047	nek	örvendnek	örvendnek	691	-0.09350683708375944	27.452966714905934	3.31247423916139	TRUE	3Pl (rajonganak)	440
kattint	kattint	[/V][Prs.NDef.2Sg]	3.101250403862836	1082020	nt	n	t	2	kattintas	kattintasz	as	17196	1.3024425519870115	s	kattints	kattintsz	36	-1.3766823836906703	477.6666666666667	6.168913139160062	TRUE	2Sg (rajongasz)	438
kering	kering	[/V][Prs.NDef.3Pl]	1.9960046439135095	84916	ng	n	g	2	keringenek	keringenek	enek	15387	1.254169069327458	nek	keringnek	keringnek	532	-0.20707325216290967	28.922932330827066	3.3646347867157336	TRUE	3Pl (rajonganak)	440
ért	ért	[/V][Prs.NDef.2Pl]	3.4293511043012694	2303223	rt	r	t	1	értetek	értetek	etek	14932	1.2411330967963092	tek	érttek	érttek	10	-1.9329848844579576	1493.2	7.308676747040429	TRUE	2Pl (rajongotok)	268
hord	hord	[/V][Prs.NDef.3Pl]	2.5559590570874056	308279	rd	r	d	1	hordanak	hordanak	anak	14922	1.2408421511956218	nak	hordnak	hordnak	38	-1.3532012878411477	392.6842105263158	5.973005753305074	TRUE	3Pl (rajonganak)	440
rajong	rajong	[/V][Prs.NDef.3Pl]	2.0252970219361894	90841	ng	n	g	2	rajonganak	rajonganak	anak	13803	1.2069886035265007	nak	rajongnak	rajongnak	309	-0.4430264050331232	44.66990291262136	3.7992999619258327	TRUE	3Pl (rajonganak)	440
küzd	küzd	[/V][Prs.NDef.2Sg]	2.8842471998392543	656496	zd	z	d	1	küzdes	küzdesz	es	13677	1.2030059624636669	s	küzds	küzdsz	9	-1.978742375018633	1519.6666666666667	7.326246291545332	TRUE	2Sg (rajongasz)	438
fešt	fest	[/V][Prs.NDef.3Pl]	2.6777795819372385	408098	št	š	t	1	feštenek	festenek	enek	13412	1.1945086602988246	nek	feštnek	festnek	1	-2.932984884457958	13412	9.50390510758612	TRUE	3Pl (rajonganak)	440
tölt	tölt	[/V][Prs.NDef.2Sg]	3.4380290110614276	2349708	lt	l	t	1	töltes	töltesz	es	12150	1.151591393476373	s	tölts	töltsz	8	-2.0298948974660145	1518.75	7.3256429070888585	TRUE	2Sg (rajongasz)	438
árt	árt	[/V][Prs.NDef.3Pl]	2.658968559291343	390799	rt	r	t	1	ártanak	ártanak	anak	11801	1.1389339259058484	nak	ártnak	ártnak	6	-2.1548336340743144	1966.8333333333333	7.584180083397694	TRUE	3Pl (rajonganak)	440
kattint	kattint	[/V][Prs.NDef.3Pl]	3.101250403862836	1082020	nt	n	t	2	kattintanak	kattintanak	anak	11418	1.1246051542127062	nak	kattintnak	kattintnak	44	-1.2895322079717704	259.5	5.558756702605943	TRUE	3Pl (rajonganak)	440
kösönt	köszönt	[/V][Prs.1Sg›2]	2.6232584999815622	359951	nt	n	t	2	kösöntelek	köszöntelek	elek	11057	1.1106524251346128	lek	kösöntlek	köszöntlek	549	-0.1934125400078659	20.140255009107467	3.0027205490328712	TRUE	1Sg›2 (rajongalak)	228
termest	termeszt	[/V][Prs.NDef.3Pl]	1.952517684470458	76825	st	s	t	2	termestenek	termesztenek	enek	10902	1.10452129323372	nek	termestnek	termesztnek	2	-2.6319548887939765	5451	8.603554357064281	TRUE	3Pl (rajonganak)	440
támast	támaszt	[/V][Prs.NDef.3Pl]	2.412676973025972	221647	st	s	t	2	támastanak	támasztanak	anak	10677	1.0954643582655506	nak	támastnak	támasztnak	3	-2.455863629738295	3559	8.177234885510194	TRUE	3Pl (rajonganak)	440
terjest	terjeszt	[/V][Prs.NDef.3Pl]	2.4984882437993483	270068	st	s	t	2	terjestenek	terjesztenek	enek	10345	1.0817456105437957	nek	terjestnek	terjesztnek	1	-2.932984884457958	10345	9.244258590179644	TRUE	3Pl (rajonganak)	440
küld	küld	[/V][Prs.NDef.2Sg]	3.329046184230405	1828231	ld	l	d	1	küldes	küldesz	es	9413	1.0407431742300697	s	külds	küldsz	38	-1.3532012878411477	247.71052631578948	5.512260831820835	TRUE	2Sg (rajongasz)	438
veršeng	verseng	[/V][Prs.NDef.3Pl]	1.673041590197379	40367	ng	n	g	2	veršengenek	versengenek	enek	9319	1.0363844272755696	nek	veršengnek	versengnek	327	-0.4184371317976717	28.498470948012233	3.349850434888402	TRUE	3Pl (rajonganak)	440
ejt	ejt	[/V][Prs.NDef.3Pl]	2.54627650321544	301482	jt	j	t	1	ejtenek	ejtenek	enek	9137	1.027818740453812	nek	ejtnek	ejtnek	4	-2.3309248931299953	2284.25	7.73379302187873	TRUE	3Pl (rajonganak)	440
edz	edz	[/V][Prs.NDef.3Pl]	2.3313488081092952	183795	dz	d	z	1	edzenek	edzenek	enek	9134	1.027676122813024	nek	edznek	edznek	9	-1.978742375018633	1014.8888888888889	6.922534416408725	TRUE	3Pl (rajonganak)	440
kelt	kelt	[/V][Prs.NDef.2Sg]	2.7981185534768014	538398	lt	l	t	1	keltes	keltesz	es	8990	1.020774807275271	s	kelts	keltsz	2	-2.6319548887939765	4495	8.410720946905721	TRUE	2Sg (rajongasz)	438
foḏast	fogyaszt	[/V][Prs.NDef.2Sg]	2.9152615186654556	705093	st	s	t	2	foḏastas	fogyasztasz	as	8874	1.0151345399225782	s	foḏasts	fogyasztsz	3	-2.455863629738295	2958	7.992268643270745	TRUE	2Sg (rajongasz)	438
ellentmond	ellentmond	[/V][Prs.NDef.3Pl]	1.8501894968434336	60698	nd	n	d	3	ellentmondanak	ellentmondanak	anak	8598	1.0014125563230305	nak	ellentmondnak	ellentmondnak	29	-1.4705868865590015	296.48275862068965	5.691989067069753	TRUE	3Pl (rajonganak)	440
old	old	[/V][Prs.NDef.3Pl]	2.8249058973828483	572652	ld	l	d	1	oldanak	oldanak	anak	7809	0.9596105383709403	nak	oldnak	oldnak	15	-1.756893625402277	520.6	6.254981992560465	TRUE	3Pl (rajonganak)	440
eḏetért	egyetért	[/V][Prs.NDef.2Sg]	2.6806793792943684	410832	rt	r	t	3	eḏetértes	egyetértesz	es	7768	0.9573243324419906	s	eḏetérts	egyetértsz	7	-2.087886844443701	1109.7142857142858	7.011857860915848	TRUE	2Sg (rajongasz)	438
kiált	kiált	[/V][Prs.NDef.3Pl]	2.355172642073583	194159	lt	l	t	2	kiáltanak	kiáltanak	anak	7741	0.955812182998723	nak	kiáltnak	kiáltnak	29	-1.4705868865590015	266.9310344827586	5.586990327218239	TRUE	3Pl (rajonganak)	440
árast	áraszt	[/V][Prs.NDef.3Pl]	2.0384301389270374	93630	st	s	t	2	árastanak	árasztanak	anak	7527	0.9436370315763152	nak	árastnak	árasztnak	1	-2.932984884457958	7527	8.926251835034533	TRUE	3Pl (rajonganak)	440
tart	tart	[/V][Prs.NDef.2Pl]	3.987109835917599	8319452	rt	r	t	1	tartotok	tartotok	otok	7279	0.9290868349220364	tok	tarttok	tarttok	14	-1.7868568487797198	519.9285714285714	6.253691439502999	TRUE	2Pl (rajongotok)	268
ért	ért	[/V][Prs.1Sg›2]	3.4293511043012694	2303223	rt	r	t	1	értelek	értelek	elek	7233	0.9263335806391584	lek	értlek	értlek	128	-0.8257749148100895	56.5078125	4.034378902929664	TRUE	1Sg›2 (rajongalak)	228
int	int	[/V][Prs.NDef.3Pl]	2.329181328593249	182880	nt	n	t	1	intenek	intenek	enek	6982	0.9109949600202022	nek	intnek	intnek	7	-2.087886844443701	997.4285714285714	6.905180538609668	TRUE	3Pl (rajonganak)	440
tekint	tekint	[/V][Prs.NDef.2Sg]	3.253129436802632	1535021	nt	n	t	2	tekintes	tekintesz	es	6947	0.9088124144163976	s	tekints	tekintsz	63	-1.133644335004376	110.26984126984127	4.702930464301348	TRUE	2Sg (rajongasz)	438
reng	reng	[/V][Prs.NDef.2Pl]	1.2320515955366076	14623	ng	n	g	1	rengetek	rengetek	etek	6867	0.9037821629362476	tek	rengtek	rengtek	44	-1.2895322079717704	156.0681818181818	5.0502929747024154	TRUE	2Pl (rajongotok)	268
ḏújt	gyújt	[/V][Prs.NDef.3Pl]	2.117290442944573	112273	jt	j	t	1	ḏújtanak	gyújtanak	anak	6310	0.8670444747861765	nak	ḏújtnak	gyújtnak	3	-2.455863629738295	2103.3333333333335	7.6512786668671495	TRUE	3Pl (rajonganak)	440
ront	ront	[/V][Prs.NDef.3Pl]	2.498256616638663	269924	nt	n	t	1	rontanak	rontanak	anak	6283	0.8651821752579814	nak	rontnak	rontnak	11	-1.8915921992997329	571.1818181818181	6.3477075796045765	TRUE	3Pl (rajonganak)	440
vált	vált	[/V][Prs.NDef.2Sg]	3.138701646345799	1179469	lt	l	t	1	váltas	váltasz	as	5874	0.8359490577288237	s	válts	váltsz	14	-1.7868568487797198	419.57142857142856	6.039233782143307	TRUE	2Sg (rajongasz)	438
tart	tart	[/V][Prs.1Sg›2]	3.987109835917599	8319452	rt	r	t	1	tartalak	tartalak	alak	5730	0.8251697375094321	lak	tartlak	tartlak	91	-0.9739434921368644	62.967032967032964	4.142611303191935	TRUE	1Sg›2 (rajongalak)	228
teremt	teremt	[/V][Prs.NDef.2Sg]	2.9969798872652507	851069	mt	m	t	2	teremtes	teremtesz	es	5528	0.8095831499081841	s	teremts	teremtsz	17	-1.702535963079684	325.1764705882353	5.784368021391289	TRUE	2Sg (rajongasz)	438
kering	kering	[/V][Prs.NDef.2Pl]	1.9960046439135095	84916	ng	n	g	2	keringetek	keringetek	etek	13	-1.819041532151121	tek	keringtek	keringtek	5312	0.7922731819020032	0.002447289156626506	-6.012774333694733	TRUE	2Pl (rajongotok)	268
šért	sért	[/V][Prs.NDef.3Pl]	2.445578344004525	239091	rt	r	t	1	šértenek	sértenek	enek	5039	0.7693594738978109	nek	šértnek	sértnek	3	-2.455863629738295	1679.6666666666667	7.426350640012489	TRUE	3Pl (rajonganak)	440
önt	önt	[/V][Prs.NDef.3Pl]	2.628092636201345	363980	nt	n	t	1	öntenek	öntenek	enek	4980	0.7642444583017597	nek	öntnek	öntnek	3	-2.455863629738295	1660	7.414572881350589	TRUE	3Pl (rajonganak)	440
költ	költ	[/V][Prs.NDef.2Sg]	2.6688025015437415	399749	lt	l	t	1	költes	költesz	es	4852	0.7529359077365775	s	költs	költsz	8	-2.0298948974660145	606.5	6.407704728384105	TRUE	2Sg (rajongasz)	438
čeng	cseng	[/V][Prs.NDef.3Pl]	1.8314154384984305	58130	ng	n	g	1	čengenek	csengenek	enek	4808	0.7489795745367253	nek	čengnek	csengnek	560	-0.18479685745175745	8.585714285714285	2.1500996924858486	TRUE	3Pl (rajonganak)	440
hord	hord	[/V][Prs.NDef.2Sg]	2.5559590570874056	308279	rd	r	d	1	hordas	hordasz	as	4467	0.7170310680138807	s	hords	hordsz	62	-1.140593194959704	72.04838709677419	4.277337936307027	TRUE	2Sg (rajongasz)	438
bont	bont	[/V][Prs.NDef.3Pl]	2.508831177112865	276577	nt	n	t	1	bontanak	bontanak	anak	4306	0.7010891410295106	nak	bontnak	bontnak	3	-2.455863629738295	1435.3333333333333	7.269152389256199	TRUE	3Pl (rajonganak)	440
ébrest	ébreszt	[/V][Prs.NDef.3Pl]	2.0144439356578423	88599	st	s	t	2	ébrestenek	ébresztenek	enek	4285	0.6989659418012591	nek	ébrestnek	ébresztnek	1	-2.932984884457958	4285	8.36287583103188	TRUE	3Pl (rajonganak)	440
tolong	tolong	[/V][Prs.NDef.3Pl]	1.2105607427804643	13917	ng	n	g	2	tolonganak	tolonganak	anak	4170	0.6871511705157997	nak	tolongnak	tolongnak	316	-0.433297801839554	13.19620253164557	2.579929101205935	TRUE	3Pl (rajonganak)	440
vest	veszt	[/V][Prs.NDef.3Pl]	2.6514582920249814	384099	st	s	t	1	vestenek	vesztenek	enek	3860	0.6536024202137971	nek	vestnek	vesztnek	19	-1.654231283505129	203.1578947368421	5.313983483292436	TRUE	3Pl (rajonganak)	440
megért	megért	[/V][Prs.1Sg›2]	2.9406855700837777	747602	rt	r	t	2	megértelek	megértelek	elek	3786	0.6451957251698202	lek	megértlek	megértlek	36	-1.3766823836906703	105.16666666666667	4.655546393313158	TRUE	1Sg›2 (rajongalak)	228
áld	áld	[/V][Prs.1Sg›2]	1.9847463785340496	82743	ld	l	d	1	áldalak	áldalak	alak	3776	0.6440471011680735	lak	áldlak	áldlak	203	-0.6254888465447449	18.600985221674875	2.923214548223604	TRUE	1Sg›2 (rajongalak)	228
ságuld	száguld	[/V][Prs.NDef.3Pl]	1.6960677532704322	42565	ld	l	d	2	ságuldanak	száguldanak	anak	3516	0.6130639819437764	nak	ságuldnak	száguldnak	32	-1.427834906138052	109.875	4.6993433560053415	TRUE	3Pl (rajonganak)	440
ḏűjt	gyűjt	[/V][Prs.NDef.2Sg]	2.9400629622305536	746531	jt	j	t	1	ḏűjtes	gyűjtesz	es	3317	0.5877605870615245	s	ḏűjts	gyűjtsz	7	-2.087886844443701	473.85714285714283	6.1609058898917395	TRUE	2Sg (rajongasz)	438
rajong	rajong	[/V][Prs.NDef.2Sg]	2.0252970219361894	90841	ng	n	g	2	rajongas	rajongasz	as	202	-0.627633515011334	s	rajongs	rajongsz	3314	0.5873676196253601	0.06095353047676524	-2.7976435005853033	TRUE	2Sg (rajongasz)	438
erest	ereszt	[/V][Prs.NDef.3Pl]	2.0182700425231386	89383	st	s	t	2	erestenek	eresztenek	enek	3168	0.567800288459498	nek	erestnek	eresztnek	3	-2.455863629738295	1056	6.962243464266207	TRUE	3Pl (rajonganak)	440
sorong	szorong	[/V][Prs.NDef.3Pl]	1.6523630266366331	38490	ng	n	g	2	soronganak	szoronganak	anak	3148	0.5650498392290692	nak	sorongnak	szorongnak	255	-0.5264447040240027	12.345098039215687	2.5132590643788677	TRUE	3Pl (rajonganak)	440
veršeng	verseng	[/V][Prs.NDef.2Pl]	1.673041590197379	40367	ng	n	g	2	veršengetek	versengetek	etek	34	-1.4015059674157029	tek	veršengtek	versengtek	3139	0.5638064312420846	0.01083147499203568	-4.525299032225792	TRUE	2Pl (rajongotok)	268
ṉújt	nyújt	[/V][Prs.NDef.2Sg]	3.490448433130639	2651144	jt	j	t	1	ṉújtas	nyújtasz	as	3112	0.5600547038596935	s	ṉújts	nyújtsz	53	-1.2087090148571689	58.716981132075475	4.0727289717461606	TRUE	2Sg (rajongasz)	438
tilt	tilt	[/V][Prs.NDef.3Pl]	2.4688841658205796	252272	lt	l	t	1	tiltanak	tiltanak	anak	3102	0.5586569090196283	nak	tiltnak	tiltnak	2	-2.6319548887939765	1551	7.346655163176539	TRUE	3Pl (rajonganak)	440
óhajt	óhajt	[/V][Prs.NDef.3Pl]	1.6797460062903842	40995	jt	j	t	2	óhajtanak	óhajtanak	anak	3102	0.5586569090196283	nak	óhajtnak	óhajtnak	9	-1.978742375018633	344.6666666666667	5.8425777664002645	TRUE	3Pl (rajonganak)	440
árt	árt	[/V][Prs.NDef.2Sg]	2.658968559291343	390799	rt	r	t	1	ártas	ártasz	as	2962	0.5386001697272318	s	árts	ártsz	46	-1.2702270527763837	64.3913043478261	4.164978598338649	TRUE	2Sg (rajongasz)	438
ajánl	ajánl	[/V][Prs.NDef.2Sg]	3.322595137004172	1801275	nl	n	l	2	ajánlas	ajánlasz	as	2948	0.536542594729056	s	ajánls	ajánlsz	111	-0.8876619056713004	26.55855855855856	3.2793520519968933	TRUE	2Sg (rajongasz)	438
bojong	bolyong	[/V][Prs.NDef.3Pl]	1.5543797744589725	30716	ng	n	g	2	bojonganak	bolyonganak	anak	2855	0.522621228123909	nak	bojongnak	bolyongnak	273	-0.49682223741720183	10.457875457875458	2.347355326905151	TRUE	3Pl (rajonganak)	440
zeng	zeng	[/V][Prs.NDef.3Pl]	1.7743979085034178	50978	ng	n	g	1	zengenek	zengenek	enek	2728	0.5028594815264835	nek	zengnek	zengnek	995	0.06483819628776764	2.741708542713568	1.00858128180476	TRUE	3Pl (rajonganak)	440
ragast	ragaszt	[/V][Prs.NDef.3Pl]	2.1034803212938553	108759	st	s	t	2	ragastanak	ragasztanak	anak	2659	0.49173345287360926	nak	ragastnak	ragasztnak	1	-2.932984884457958	2659	7.88570539124302	TRUE	3Pl (rajonganak)	440
örvend	örvend	[/V][Prs.NDef.2Pl]	2.1193126646506104	112797	nd	n	d	2	örvendetek	örvendetek	etek	21	-1.6107655897240385	tek	örvendtek	örvendtek	2639	0.4884545057620919	0.007957559681697613	-4.833632898779901	TRUE	2Pl (rajongotok)	268
hajt	hajt	[/V][Prs.NDef.2Sg]	2.919594521957997	712163	jt	j	t	1	hajtas	hajtasz	as	2632	0.4873010004839601	s	hajts	hajtsz	9	-1.978742375018633	292.44444444444446	5.678274715108988	TRUE	2Sg (rajongasz)	438
gerjest	gerjeszt	[/V][Prs.NDef.3Pl]	1.5671280377017365	31631	st	s	t	2	gerjestenek	gerjesztenek	enek	2454	0.4568896739330277	nek	gerjestnek	gerjesztnek	1	-2.932984884457958	2454	7.805474625270857	TRUE	3Pl (rajonganak)	440
ment	ment	[/V][Prs.NDef.2Pl]	2.6656885548669886	396893	nt	n	t	1	mentetek	mentetek	etek	2438	0.4540488168244052	tek	menttek	menttek	20	-1.6319548887939763	121.9	4.803201036487226	TRUE	2Pl (rajongotok)	268
mond	mond	[/V][Prs.NDef.2Pl]	4.129447533832242	11546023	nd	n	d	1	mondotok	mondotok	otok	1909	0.34782104393570895	tok	mondtok	mondtok	2410	0.44903215811691055	0.7921161825726141	-0.2330472027589531	TRUE	2Pl (rajongotok)	268
akast	akaszt	[/V][Prs.NDef.3Pl]	2.0187556513332554	89483	st	s	t	2	akastanak	akasztanak	anak	2402	0.4475881186089294	nak	akastnak	akasztnak	6	-2.1548336340743144	400.3333333333333	5.9922975334118735	TRUE	3Pl (rajonganak)	440
ajánl	ajánl	[/V][Prs.NDef.2Pl]	3.322595137004172	1801275	nl	n	l	2	ajánlotok	ajánlotok	otok	2389	0.44523126529192	tok	ajánltok	ajánltok	15	-1.756893625402277	159.26666666666668	5.070579946223599	TRUE	2Pl (rajongotok)	268
válast	választ	[/V][Prs.NDef.2Pl]	3.596984538197973	3388203	st	s	t	2	válastotok	választotok	otok	2083	0.3857043854897881	tok	válasttok	választtok	2	-2.6319548887939765	1041.5	6.948417260701027	TRUE	2Pl (rajongotok)	268
üvölt	üvölt	[/V][Prs.NDef.3Pl]	1.8333164000862288	58385	lt	l	t	2	üvöltenek	üvöltenek	enek	1976	0.3628020557936515	nek	üvöltnek	üvöltnek	5	-2.234014880121939	395.2	5.979391965873713	TRUE	3Pl (rajonganak)	440
šújt	sújt	[/V][Prs.NDef.3Pl]	2.2020777650972594	136478	jt	j	t	1	šújtanak	sújtanak	anak	1910	0.3480484827897697	nak	šújtnak	sújtnak	1	-2.932984884457958	1910	7.554858521040676	TRUE	3Pl (rajonganak)	440
megért	megért	[/V][Prs.NDef.2Sg]	2.9406855700837777	747602	rt	r	t	2	megértes	megértesz	es	1897	0.34508244643070474	s	megérts	megértsz	5	-2.234014880121939	379.4	5.938591057500914	TRUE	2Sg (rajongasz)	438
küld	küld	[/V][Prs.1Sg›2]	3.329046184230405	1828231	ld	l	d	1	küldelek	küldelek	elek	1871	0.33908890304205214	lek	küldlek	küldlek	68	-1.1004759717517214	27.514705882352942	3.314720621097983	TRUE	1Sg›2 (rajongalak)	228
olt	olt	[/V][Prs.NDef.3Pl]	2.01363438478017	88434	lt	l	t	1	oltanak	oltanak	anak	1854	0.33512484535052045	nak	oltnak	oltnak	1	-2.932984884457958	1854	7.5251007461258	TRUE	3Pl (rajonganak)	440
eḏetért	egyetért	[/V][Prs.NDef.2Pl]	2.6806793792943684	410832	rt	r	t	3	eḏetértetek	egyetértetek	etek	1615	0.27518764220916386	tek	eḏetérttek	egyetérttek	42	-1.3097355940600577	38.45238095238095	3.6494206173733885	TRUE	2Pl (rajongotok)	268
pillant	pillant	[/V][Prs.NDef.2Sg]	2.0275762625908595	91319	nt	n	t	2	pillantas	pillantasz	as	1613	0.27464948293100366	s	pillants	pillantsz	22	-1.5905622036357516	73.31818181818181	4.294808624766893	TRUE	2Sg (rajongasz)	438
felejt	felejt	[/V][Prs.NDef.2Sg]	2.6921814049054085	421858	jt	j	t	2	felejtes	felejtesz	es	1564	0.2612518642658714	s	felejts	felejtsz	36	-1.3766823836906703	43.44444444444444	3.7714829826491463	TRUE	2Sg (rajongasz)	438
jelent	jelent	[/V][Prs.NDef.2Sg]	3.848512349249592	6046405	nt	n	t	2	jelentes	jelentesz	es	1524	0.25000008254562384	s	jelents	jelentsz	15	-1.756893625402277	101.6	4.6210435351443815	TRUE	2Sg (rajongasz)	438
lézeng	lézeng	[/V][Prs.NDef.3Pl]	1.031557581621179	9216	ng	n	g	2	lézengenek	lézengenek	enek	1404	0.21438222333582865	nek	lézengnek	lézengnek	73	-1.069662024337502	19.232876712328768	2.9566211434373653	TRUE	3Pl (rajonganak)	440
kelt	kelt	[/V][Prs.NDef.2Pl]	2.7981185534768014	538398	lt	l	t	1	keltetek	keltetek	etek	1379	0.20657938171789195	tek	kelttek	kelttek	1	-2.932984884457958	1379	7.229113877793302	TRUE	2Pl (rajongotok)	268
lappang	lappang	[/V][Prs.NDef.3Pl]	1.2723819034085184	16046	ng	n	g	2	lappanganak	lappanganak	anak	1369	0.20341856367603217	nak	lappangnak	lappangnak	187	-0.6611432779214589	7.320855614973262	1.9907272084338623	TRUE	3Pl (rajonganak)	440
zeng	zeng	[/V][Prs.NDef.2Pl]	1.7743979085034178	50978	ng	n	g	1	zengetek	zengetek	etek	12	-1.853803638410333	tek	zengtek	zengtek	1349	0.1970270652139464	0.008895478131949592	-4.722212206419756	TRUE	2Pl (rajongotok)	268
pillant	pillant	[/V][Prs.NDef.3Pl]	2.0275762625908595	91319	nt	n	t	2	pillantanak	pillantanak	anak	1347	0.19638271126502777	nak	pillantnak	pillantnak	1	-2.932984884457958	1347	7.205635176410364	TRUE	3Pl (rajonganak)	440
lejt	lejt	[/V][Prs.NDef.3Pl]	1.1958342577365526	13453	jt	j	t	1	lejtenek	lejtenek	enek	1333	0.1918452649559014	nek	lejtnek	lejtnek	11	-1.8915921992997329	121.18181818181819	4.797292047380338	TRUE	3Pl (rajonganak)	440
önt	önt	[/V][Prs.NDef.2Sg]	2.628092636201345	363980	nt	n	t	1	öntes	öntesz	es	1320	0.187589046747892	s	önts	öntsz	8	-2.0298948974660145	165	5.10594547390058	TRUE	2Sg (rajongasz)	438
félreért	félreért	[/V][Prs.NDef.2Sg]	1.6781859130022172	40848	rt	r	t	3	félreértes	félreértesz	es	1313	0.18527984163152153	s	félreérts	félreértsz	7	-2.087886844443701	187.57142857142858	5.2341597252474825	TRUE	2Sg (rajongasz)	438
kong	kong	[/V][Prs.NDef.3Pl]	1.684612987091838	41457	ng	n	g	1	konganak	konganak	anak	1304	0.18229270693794355	nak	kongnak	kongnak	305	-0.448685045111172	4.275409836065574	1.4528799658791867	TRUE	3Pl (rajonganak)	440
lézeng	lézeng	[/V][Prs.NDef.2Pl]	1.031557581621179	9216	ng	n	g	2	lézengetek	lézengetek	etek	2	-2.6319548887939765	tek	lézengtek	lézengtek	1292	0.17827762920110743	0.0015479876160990713	-6.470799503782602	TRUE	2Pl (rajongotok)	268
megšért	megsért	[/V][Prs.NDef.3Pl]	2.1871545349738746	131868	rt	r	t	2	megšértenek	megsértenek	enek	1280	0.17422508518991056	nek	megšértnek	megsértnek	1	-2.932984884457958	1280	7.154615356913663	TRUE	3Pl (rajonganak)	440
töpreng	töpreng	[/V][Prs.NDef.3Pl]	1.6971377584013545	42670	ng	n	g	2	töprengenek	töprengenek	enek	1241	0.16078689704077198	nek	töprengnek	töprengnek	32	-1.427834906138052	38.78125	3.6579368824048806	TRUE	3Pl (rajonganak)	440
leng	leng	[/V][Prs.NDef.3Pl]	1.7526762559372897	48491	ng	n	g	1	lengenek	lengenek	enek	1199	0.1458342986408908	nek	lengnek	lengnek	279	-0.48738068118436023	4.297491039426523	1.4580313732061487	TRUE	3Pl (rajonganak)	440
sorong	szorong	[/V][Prs.NDef.2Sg]	1.6523630266366331	38490	ng	n	g	2	sorongas	szorongasz	as	45	-1.279772370682614	s	sorongs	szorongsz	1184	0.14036681792894318	0.03800675675675676	-3.2699913256736313	TRUE	2Sg (rajongasz)	438
ront	ront	[/V][Prs.NDef.2Sg]	2.498256616638663	269924	nt	n	t	1	rontas	rontasz	as	1174	0.13668321245363788	s	ronts	rontsz	9	-1.978742375018633	130.44444444444446	4.870947423051822	TRUE	2Sg (rajongasz)	438
küld	küld	[/V][Prs.NDef.2Pl]	3.329046184230405	1828231	ld	l	d	1	küldötök	küldötök	ötök	145	-0.771616882222983	tök	küldtök	küldtök	1155	0.12959709977020528	0.12554112554112554	-2.0751218805353195	TRUE	2Pl (rajongotok)	268
válast	választ	[/V][Prs.1Sg›2]	3.596984538197973	3388203	st	s	t	2	válastalak	választalak	alak	1129	0.11970905746701004	lak	válastlak	választlak	5	-2.234014880121939	225.8	5.419649651715562	TRUE	1Sg›2 (rajongalak)	228
čüng	csüng	[/V][Prs.NDef.3Pl]	1.166350393228	12570	ng	n	g	1	čüngenek	csüngenek	enek	1121	0.11662072813701536	nek	čüngnek	csüngnek	773	-0.04480539053963291	1.4501940491591203	0.37169737448473794	TRUE	3Pl (rajonganak)	440
kattint	kattint	[/V][Prs.NDef.2Pl]	3.101250403862836	1082020	nt	n	t	2	kattintotok	kattintotok	otok	1080	0.10043887102899184	tok	kattinttok	kattinttok	3	-2.455863629738295	360	5.886104031450156	TRUE	2Pl (rajongotok)	268
bánt	bánt	[/V][Prs.NDef.2Sg]	2.302654646830123	172044	nt	n	t	1	bántas	bántasz	as	1065	0.09436472331679864	s	bánts	bántsz	21	-1.6107655897240385	50.714285714285715	3.9262076404201025	TRUE	2Sg (rajongasz)	438
fost	foszt	[/V][Prs.NDef.3Pl]	1.6726648740591443	40332	st	s	t	1	fostanak	fosztanak	anak	1065	0.09436472331679864	nak	fostnak	fosztnak	2	-2.6319548887939765	532.5	6.277582897583581	TRUE	3Pl (rajonganak)	440
kiált	kiált	[/V][Prs.NDef.2Sg]	2.355172642073583	194159	lt	l	t	2	kiáltas	kiáltasz	as	1024	0.0773150721818541	s	kiálts	kiáltsz	12	-1.853803638410333	85.33333333333333	4.446565155811452	TRUE	2Sg (rajongasz)	438
terjeng	terjeng	[/V][Prs.NDef.2Pl]	1.144782605924099	11961	ng	n	g	2	terjengetek	terjengetek	etek	5	-2.234014880121939	tek	terjengtek	terjengtek	996	0.06527445396574089	0.0050200803212851405	-5.294309345150498	TRUE	2Pl (rajongotok)	268
ujjong	ujjong	[/V][Prs.NDef.3Pl]	1.3958430545563227	21322	ng	n	g	2	ujjonganak	ujjonganak	anak	950	0.04473872083088993	nak	ujjongnak	ujjongnak	118	-0.8611028771518324	8.05084745762712	2.085777360128922	TRUE	3Pl (rajonganak)	440
fetreng	fetreng	[/V][Prs.NDef.3Pl]	1.1845515482523803	13108	ng	n	g	2	fetrengenek	fetrengenek	enek	947	0.0433650945453156	nek	fetrengnek	fetrengnek	38	-1.3532012878411477	24.92105263157895	3.2157129334596926	TRUE	3Pl (rajonganak)	440
terjeng	terjeng	[/V][Prs.NDef.3Pl]	1.144782605924099	11961	ng	n	g	2	terjengenek	terjengenek	enek	945	0.04244692405130512	nek	terjengnek	terjengnek	330	-0.4144709445800704	2.8636363636363638	1.052092273033217	TRUE	3Pl (rajonganak)	440
int	int	[/V][Prs.1Sg›2]	2.329181328593249	182880	nt	n	t	1	intelek	intelek	elek	896	0.0193231252041674	lek	intlek	intlek	114	-0.8760800331214852	7.859649122807017	2.061741964580435	TRUE	1Sg›2 (rajongalak)	228
leḏint	legyint	[/V][Prs.NDef.2Sg]	1.705684043387432	43518	nt	n	t	2	leḏintes	legyintesz	es	870	0.00653436816066066	s	leḏints	legyintsz	2	-2.6319548887939765	435	6.075346031088684	TRUE	2Sg (rajongasz)	438
šejt	sejt	[/V][Prs.NDef.2Sg]	2.9107709750098145	697840	jt	j	t	1	šejtes	sejtesz	es	862	0.00252238136675494	s	šejts	sejtsz	41	-1.3202010277382223	21.024390243902438	3.0456832039593853	TRUE	2Sg (rajongasz)	438
küzd	küzd	[/V][Prs.NDef.2Pl]	2.8842471998392543	656496	zd	z	d	1	küzdötök	küzdötök	ötök	860	0.00151356678560985	tök	küzdtök	küzdtök	23	-1.571257048440365	37.391304347826086	3.6214381733184036	TRUE	2Pl (rajongotok)	268
bánt	bánt	[/V][Prs.1Sg›2]	2.302654646830123	172044	nt	n	t	1	bántalak	bántalak	alak	855	-0.00101876972978518	lak	bántlak	bántlak	178	-0.6825648821490639	4.803370786516854	1.569317918644675	TRUE	1Sg›2 (rajongalak)	228
bólint	bólint	[/V][Prs.NDef.3Pl]	1.825949705664744	57403	nt	n	t	2	bólintanak	bólintanak	anak	839	-0.00922292362925756	nak	bólintnak	bólintnak	2	-2.6319548887939765	419.5	6.0390635259072605	TRUE	3Pl (rajonganak)	440
tátong	tátong	[/V][Prs.NDef.3Pl]	1.285314241427215	16531	ng	n	g	2	tátonganak	tátonganak	anak	828	-0.0149545476730777	nak	tátongnak	tátongnak	324	-0.4224398742513457	2.5555555555555554	0.9382696385929302	TRUE	3Pl (rajonganak)	440
töpreng	töpreng	[/V][Prs.NDef.2Sg]	1.6971377584013545	42670	ng	n	g	2	töprenges	töprengesz	es	88	-0.9885022123077892	s	töprengs	töprengsz	827	-0.01547937490541114	0.10640870616686819	-2.2404678805454847	TRUE	2Sg (rajongasz)	438
old	old	[/V][Prs.NDef.2Sg]	2.8249058973828483	572652	ld	l	d	1	oldas	oldasz	as	825	-0.01653093590803274	s	olds	oldsz	8	-2.0298948974660145	103.125	4.6359418446548455	TRUE	2Sg (rajongasz)	438
ḏújt	gyújt	[/V][Prs.NDef.2Sg]	2.117290442944573	112273	jt	j	t	1	ḏújtas	gyújtasz	as	819	-0.01970098269753937	s	ḏújts	gyújtsz	7	-2.087886844443701	117	4.762173934797756	TRUE	2Sg (rajongasz)	438
ejt	ejt	[/V][Prs.NDef.2Sg]	2.54627650321544	301482	jt	j	t	1	ejtes	ejtesz	es	807	-0.0261113497358874	s	ejts	ejtsz	10	-1.9329848844579576	80.7	4.390738575275903	TRUE	2Sg (rajongasz)	438
hint	hint	[/V][Prs.NDef.3Pl]	1.5869611793795713	33109	nt	n	t	1	hintenek	hintenek	enek	777	-0.04256386565704357	nek	hintnek	hintnek	2	-2.6319548887939765	388.5	5.962293169807702	TRUE	3Pl (rajonganak)	440
törlest	törleszt	[/V][Prs.NDef.3Pl]	1.6345355195171676	36942	st	s	t	2	törlestenek	törlesztenek	enek	770	-0.04649415928547599	nek	törlestnek	törlesztnek	5	-2.234014880121939	154	5.0369526024136295	TRUE	3Pl (rajonganak)	440
ment	ment	[/V][Prs.NDef.2Sg]	2.6656885548669886	396893	nt	n	t	1	mentes	mentesz	es	763	-0.05046034650307736	s	ments	mentsz	3	-2.455863629738295	254.33333333333334	5.538645742616348	TRUE	2Sg (rajongasz)	438
čeng	cseng	[/V][Prs.NDef.2Pl]	1.8314154384984305	58130	ng	n	g	1	čengetek	csengetek	etek	220	-0.5905622036357516	tek	čengtek	csengtek	762	-0.05102991311835734	0.2887139107611549	-1.2423190093342846	TRUE	2Pl (rajongotok)	268
őrjöng	őrjöng	[/V][Prs.NDef.3Pl]	1.1505535667721816	12121	ng	n	g	2	őrjöngenek	őrjöngenek	enek	750	-0.05792362106625776	nek	őrjöngnek	őrjöngnek	110	-0.8915921992997328	6.818181818181818	1.91959284073794	TRUE	3Pl (rajonganak)	440
mond	mond	[/V][Prs.1Sg›2]	4.129447533832242	11546023	nd	n	d	1	mondalak	mondalak	alak	740	-0.06375316472698163	lak	mondlak	mondlak	26	-1.5180115364871398	28.46153846153846	3.3485536481767335	TRUE	1Sg›2 (rajongalak)	228
šóhajt	sóhajt	[/V][Prs.NDef.3Pl]	1.812815728087108	55693	jt	j	t	2	šóhajtanak	sóhajtanak	anak	718	-0.07686044021565751	nak	šóhajtnak	sóhajtnak	7	-2.087886844443701	102.57142857142857	4.6305594199929105	TRUE	3Pl (rajonganak)	440
zajong	zajong	[/V][Prs.NDef.3Pl]	0.8742117762529894	6415	ng	n	g	2	zajonganak	zajonganak	anak	689	-0.09476566255033204	nak	zajongnak	zajongnak	122	-0.8466250537832096	5.647540983606557	1.731220226280402	TRUE	3Pl (rajonganak)	440
teremt	teremt	[/V][Prs.NDef.2Pl]	2.9969798872652507	851069	mt	m	t	2	teremtetek	teremtetek	etek	684	-0.09792878273784164	tek	teremttek	teremttek	2	-2.6319548887939765	342	5.834810737062605	TRUE	2Pl (rajongotok)	268
dühöng	dühöng	[/V][Prs.NDef.3Pl]	1.3723234834061857	20198	ng	n	g	2	dühöngenek	dühöngenek	enek	649	-0.12074018765758858	nek	dühöngnek	dühöngnek	155	-0.7426531862876663	4.187096774193549	1.4320075997848434	TRUE	3Pl (rajonganak)	440
kačint	kacsint	[/V][Prs.NDef.3Pl]	1.3762192952124497	20380	nt	n	t	2	kačintanak	kacsintanak	anak	637	-0.12884545212260742	nak	kačintnak	kacsintnak	1	-2.932984884457958	637	6.456769655572163	TRUE	3Pl (rajonganak)	440
dereng	dereng	[/V][Prs.NDef.3Pl]	1.2369245574431114	14788	ng	n	g	2	derengenek	derengenek	enek	617	-0.14269972042471618	nek	derengnek	derengnek	76	-1.0521712921771664	8.118421052631579	2.0941356836190566	TRUE	3Pl (rajonganak)	440
mets	metsz	[/V][Prs.NDef.3Pl]	1.660411957842249	39210	ts	t	s	1	metsenek	metszenek	enek	614	-0.14481651331679016	nek	metsnek	metsznek	3	-2.455863629738295	204.66666666666666	5.321382639479033	TRUE	3Pl (rajonganak)	440
čapong	csapong	[/V][Prs.NDef.3Pl]	0.9335977926055912	7355	ng	n	g	2	čaponganak	csaponganak	anak	592	-0.16066317773503802	nak	čapongnak	csapongnak	165	-0.7155009402440515	3.587878787878788	1.277561160983425	TRUE	3Pl (rajonganak)	440
int	int	[/V][Prs.NDef.2Sg]	2.329181328593249	182880	nt	n	t	1	intes	intesz	es	576	-0.1725624010347458	s	ints	intsz	15	-1.756893625402277	38.4	3.648057459593681	TRUE	2Sg (rajongasz)	438
félt	félt	[/V][Prs.1Sg›2]	2.065662355068752	99689	lt	l	t	1	féltelek	féltelek	elek	560	-0.18479685745175745	lek	féltlek	féltlek	46	-1.2702270527763837	12.173913043478262	2.4992953872401	TRUE	1Sg›2 (rajongalak)	228
ring	ring	[/V][Prs.NDef.3Pl]	1.9599496550527609	78151	ng	n	g	1	ringanak	ringanak	anak	557	-0.1871296892842289	nak	ringnak	ringnak	164	-0.71814103641026	3.3963414634146343	1.2226988121030857	TRUE	3Pl (rajonganak)	440
leng	leng	[/V][Prs.NDef.2Pl]	1.7526762559372897	48491	ng	n	g	1	lengetek	lengetek	etek	183	-0.6705337947275284	tek	lengtek	lengtek	554	-0.18947511972952813	0.3303249097472924	-1.107678533905863	TRUE	2Pl (rajongotok)	268
töpreng	töpreng	[/V][Prs.NDef.2Pl]	1.6971377584013545	42670	ng	n	g	2	töprengetek	töprengetek	etek	6	-2.1548336340743144	tek	töprengtek	töprengtek	524	-0.21365359747423115	0.011450381679389313	-4.4697322150929875	TRUE	2Pl (rajongotok)	268
áld	áld	[/V][Prs.NDef.3Pl]	1.9847463785340496	82743	ld	l	d	1	áldanak	áldanak	anak	519	-0.21781752660949996	nak	áldnak	áldnak	14	-1.7868568487797198	37.07142857142857	3.61284655355063	TRUE	3Pl (rajonganak)	440
üvölt	üvölt	[/V][Prs.NDef.2Sg]	1.8333164000862288	58385	lt	l	t	2	üvöltes	üvöltesz	es	494	-0.2392579355343109	s	üvölts	üvöltsz	8	-2.0298948974660145	61.75	4.123093975508087	TRUE	2Sg (rajongasz)	438
fetreng	fetreng	[/V][Prs.NDef.2Pl]	1.1845515482523803	13108	ng	n	g	2	fetrengetek	fetrengetek	etek	10	-1.9329848844579576	tek	fetrengtek	fetrengtek	482	-0.2499378462191083	0.02074688796680498	-3.8753590210565547	TRUE	2Pl (rajongotok)	268
hajlong	hajlong	[/V][Prs.NDef.3Pl]	0.787339832959484	5252	ng	n	g	2	hajlonganak	hajlonganak	anak	480	-0.2517436470823706	nak	hajlongnak	hajlongnak	146	-0.7686320286735208	3.287671232876712	1.1901794821936	TRUE	3Pl (rajonganak)	440
felejt	felejt	[/V][Prs.1Sg›2]	2.6921814049054085	421858	jt	j	t	2	felejtelek	felejtelek	elek	476	-0.25537793173746465	lek	felejtlek	felejtlek	89	-0.983594877813045	5.348314606741573	1.67678148449928	TRUE	1Sg›2 (rajongalak)	228
šért	sért	[/V][Prs.NDef.2Sg]	2.445578344004525	239091	rt	r	t	1	šértes	sértesz	es	475	-0.2562912748330913	s	šérts	sértsz	6	-2.1548336340743144	79.16666666666667	4.371555334806586	TRUE	2Sg (rajongasz)	438
fárast	fáraszt	[/V][Prs.1Sg›2]	1.459131449358052	24667	st	s	t	2	fárastalak	fárasztalak	alak	473	-0.2581237437201463	lak	fárastlak	fárasztlak	13	-1.819041532151121	36.38461538461539	3.5941460310303963	TRUE	1Sg›2 (rajongalak)	228
žong	zsong	[/V][Prs.NDef.3Pl]	0.9725411639770906	8045	ng	n	g	1	žonganak	zsonganak	anak	470	-0.2608870265222404	nak	žongnak	zsongnak	273	-0.49682223741720183	1.7216117216117217	0.5432608995191446	TRUE	3Pl (rajonganak)	440
ont	ont	[/V][Prs.NDef.3Pl]	1.7436264299947593	47491	nt	n	t	1	ontanak	ontanak	anak	455	-0.27497348780084546	nak	ontnak	ontnak	5	-2.234014880121939	91	4.51085950651685	TRUE	3Pl (rajonganak)	440
bont	bont	[/V][Prs.NDef.2Sg]	2.508831177112865	276577	nt	n	t	1	bontas	bontasz	as	453	-0.27688668244512593	s	bonts	bontsz	3	-2.455863629738295	151	5.017279836814924	TRUE	2Sg (rajongasz)	438
feseng	feszeng	[/V][Prs.NDef.3Pl]	1.1022046244504902	10844	ng	n	g	2	fesengenek	feszengenek	enek	452	-0.2778464496465757	nek	fesengnek	feszengnek	145	-0.771616882222983	3.117241379310345	1.1369484374116567	TRUE	3Pl (rajonganak)	440
ellentmond	ellentmond	[/V][Prs.NDef.2Sg]	1.8501894968434336	60698	nd	n	d	3	ellentmondas	ellentmondasz	as	438	-0.29151077395385827	s	ellentmonds	ellentmondsz	12	-1.853803638410333	36.5	3.597312260588446	TRUE	2Sg (rajongasz)	438
óhajt	óhajt	[/V][Prs.NDef.2Sg]	1.6797460062903842	40995	jt	j	t	2	óhajtas	óhajtasz	as	423	-0.30664451708291546	s	óhajts	óhajtsz	30	-1.4558636297382954	14.1	2.6461747973841225	TRUE	2Sg (rajongasz)	438
mereng	mereng	[/V][Prs.NDef.3Pl]	1.2914445773647398	16766	ng	n	g	2	merengenek	merengenek	enek	421	-0.30870278862228956	nek	merengnek	merengnek	80	-1.0298948974660145	5.2625	1.6606061990085	TRUE	3Pl (rajonganak)	440
érint	érint	[/V][Prs.NDef.2Sg]	3.006391077264476	869713	nt	n	t	2	érintes	érintesz	es	407	-0.3233904752327378	s	érints	érintsz	2	-2.6319548887939765	203.5	5.31566600488265	TRUE	2Sg (rajongasz)	438
lázong	lázong	[/V][Prs.NDef.3Pl]	0.478803120085911	2581	ng	n	g	2	lázonganak	lázonganak	anak	404	-0.3266035193473528	nak	lázongnak	lázongnak	27	-1.5016211202989704	14.962962962962964	2.705578011956821	TRUE	3Pl (rajonganak)	440
hőzöng	hőzöng	[/V][Prs.NDef.3Pl]	0.5271609330337924	2885	ng	n	g	2	hőzöngenek	hőzöngenek	enek	402	-0.32875883137348777	nek	hőzöngnek	hőzöngnek	20	-1.6319548887939763	20.1	3.0007198150650303	TRUE	3Pl (rajonganak)	440
ijest	ijeszt	[/V][Prs.NDef.3Pl]	1.3020382750372657	17180	st	s	t	2	ijestenek	ijesztenek	enek	383	-0.3497861104893351	nek	ijestnek	ijesztnek	1	-2.932984884457958	383	5.948034989180646	TRUE	3Pl (rajonganak)	440
bojong	bolyong	[/V][Prs.NDef.2Sg]	1.5543797744589725	30716	ng	n	g	2	bojongas	bolyongasz	as	58	-1.169556890895021	s	bojongs	bolyongsz	376	-0.3577970395302968	0.15425531914893617	-1.869146132843475	TRUE	2Sg (rajongasz)	438
ságuld	száguld	[/V][Prs.NDef.2Sg]	1.6960677532704322	42565	ld	l	d	2	ságuldas	száguldasz	as	369	-0.3659585182988975	s	ságulds	száguldsz	3	-2.455863629738295	123	4.812184355372417	TRUE	2Sg (rajongasz)	438
kezd	kezd	[/V][Prs.1Sg›2]	3.772113864625659	5071060	zd	z	d	1	kezdelek	kezdelek	elek	368	-0.36713706578444016	lek	kezdlek	kezdlek	23	-1.571257048440365	16	2.772588722239781	TRUE	1Sg›2 (rajongalak)	228
jelent	jelent	[/V][Prs.NDef.2Pl]	3.848512349249592	6046405	nt	n	t	2	jelentetek	jelentetek	etek	360	-0.3766823836906706	tek	jelenttek	jelenttek	13	-1.819041532151121	27.692307692307693	3.321154673988619	TRUE	2Pl (rajongotok)	268
šóhajt	sóhajt	[/V][Prs.NDef.2Sg]	1.812815728087108	55693	jt	j	t	2	šóhajtas	sóhajtasz	as	352	-0.3864422209798268	s	šóhajts	sóhajtsz	13	-1.819041532151121	27.076923076923077	3.2986818181365605	TRUE	2Sg (rajongasz)	438
šért	sért	[/V][Prs.1Sg›2]	2.445578344004525	239091	rt	r	t	1	šértelek	sértelek	elek	319	-0.4291942014007767	lek	šértlek	sértlek	19	-1.654231283505129	16.789473684210527	2.820752123618404	TRUE	1Sg›2 (rajongalak)	228
mereng	mereng	[/V][Prs.NDef.2Sg]	1.2914445773647398	16766	ng	n	g	2	merenges	merengesz	es	12	-1.853803638410333	s	merengs	merengsz	307	-0.4458465089807714	0.03908794788273615	-3.241941097799197	TRUE	2Sg (rajongasz)	438
dühöng	dühöng	[/V][Prs.NDef.2Sg]	1.3723234834061857	20198	ng	n	g	2	dühönges	dühöngesz	es	27	-1.5016211202989704	s	dühöngs	dühöngsz	303	-0.4515422559556528	0.0891089108910891	-2.41789593950504	TRUE	2Sg (rajongasz)	438
rajong	rajong	[/V][Prs.NDef.2Pl]	2.0252970219361894	90841	ng	n	g	2	rajongotok	rajongotok	otok	32	-1.427834906138052	tok	rajongtok	rajongtok	298	-0.4587686203817026	0.10738255033557047	-2.231357583705678	TRUE	2Pl (rajongotok)	268
feseng	feszeng	[/V][Prs.NDef.2Pl]	1.1022046244504902	10844	ng	n	g	2	fesengetek	feszengetek	etek	2	-2.6319548887939765	tek	fesengtek	feszengtek	289	-0.47208704170141	0.006920415224913495	-4.973279507552487	TRUE	2Pl (rajongotok)	268
halast	halaszt	[/V][Prs.NDef.3Pl]	1.7242144340664431	45415	st	s	t	2	halastanak	halasztanak	anak	289	-0.47208704170141	nak	halastnak	halasztnak	2	-2.6319548887939765	144.5	4.973279507552487	TRUE	3Pl (rajonganak)	440
ḏűjt	gyűjt	[/V][Prs.NDef.2Pl]	2.9400629622305536	746531	jt	j	t	1	ḏűjtötök	gyűjtötök	ötök	286	-0.4766188513289148	tök	ḏűjttök	gyűjttök	2	-2.6319548887939765	143	4.962844630259907	TRUE	2Pl (rajongotok)	268
érint	érint	[/V][Prs.NDef.2Pl]	3.006391077264476	869713	nt	n	t	2	érintetek	érintetek	etek	285	-0.4781400244494477	tek	érinttek	érinttek	7	-2.087886844443701	40.714285714285715	3.7065790312133373	TRUE	2Pl (rajongotok)	268
hord	hord	[/V][Prs.NDef.2Pl]	2.5559590570874056	308279	rd	r	d	1	hordotok	hordotok	otok	94	-0.9598570308582592	tok	hordtok	hordtok	279	-0.48738068118436023	0.33691756272401435	-1.0879169995513618	TRUE	2Pl (rajongotok)	268
edz	edz	[/V][Prs.NDef.2Pl]	2.3313488081092952	183795	dz	d	z	1	edzetek	edzetek	etek	266	-0.5081032478268909	tek	edztek	edztek	5	-2.234014880121939	53.2	3.9740583963475986	TRUE	2Pl (rajongotok)	268
bólint	bólint	[/V][Prs.NDef.2Sg]	1.825949705664744	57403	nt	n	t	2	bólintas	bólintasz	as	260	-0.5180115364871398	s	bólints	bólintsz	1	-2.932984884457958	260	5.560681631015528	TRUE	2Sg (rajongasz)	438
feseng	feszeng	[/V][Prs.NDef.2Sg]	1.1022046244504902	10844	ng	n	g	2	fesenges	feszengesz	es	30	-1.4558636297382954	s	fesengs	feszengsz	259	-0.519685120376706	0.11583011583011583	-2.1556306800373823	TRUE	2Sg (rajongasz)	438
dagast	dagaszt	[/V][Prs.NDef.3Pl]	1.4185795307461468	22468	st	s	t	2	dagastanak	dagasztanak	anak	258	-0.5213651784947277	nak	dagastnak	dagasztnak	2	-2.6319548887939765	129	4.859812404361672	TRUE	3Pl (rajonganak)	440
pang	pang	[/V][Prs.NDef.3Pl]	0.8573002795752839	6170	ng	n	g	1	panganak	panganak	anak	258	-0.5213651784947277	nak	pangnak	pangnak	34	-1.4015059674157029	7.588235294117647	2.026599060305456	TRUE	3Pl (rajonganak)	440
áld	áld	[/V][Prs.NDef.2Sg]	1.9847463785340496	82743	ld	l	d	1	áldas	áldasz	as	250	-0.5350448757859202	s	álds	áldsz	1	-2.932984884457958	250	5.521460917862246	TRUE	2Sg (rajongasz)	438
vest	veszt	[/V][Prs.NDef.2Pl]	2.6514582920249814	384099	st	s	t	1	vestetek	vesztetek	etek	246	-0.5420497773545787	tek	vesttek	veszttek	9	-1.978742375018633	27.333333333333332	3.3081069585961433	TRUE	2Pl (rajongotok)	268
tekint	tekint	[/V][Prs.1Sg›2]	3.253129436802632	1535021	nt	n	t	2	tekintelek	tekintelek	elek	239	-0.5545869835098202	lek	tekintlek	tekintlek	20	-1.6319548887939763	11.95	2.4807312783775197	TRUE	1Sg›2 (rajongalak)	228
čapong	csapong	[/V][Prs.NDef.2Sg]	0.9335977926055912	7355	ng	n	g	2	čapongas	csapongasz	as	6	-2.1548336340743144	s	čapongs	csapongsz	224	-0.5827368661237949	0.026785714285714284	-3.619886582626985	TRUE	2Sg (rajongasz)	438
fejlest	fejleszt	[/V][Prs.NDef.2Pl]	2.9435296996301	752514	st	s	t	2	fejlestetek	fejlesztetek	etek	218	-0.594528390853353	tek	fejlesttek	fejleszttek	3	-2.455863629738295	72.66666666666667	4.28588277412098	TRUE	2Pl (rajongotok)	268
árt	árt	[/V][Prs.NDef.2Pl]	2.658968559291343	390799	rt	r	t	1	ártotok	ártotok	otok	212	-0.6066490235292064	tok	árttok	árttok	3	-2.455863629738295	70.66666666666667	4.257973986003903	TRUE	2Pl (rajongotok)	268
teng	teng	[/V][Prs.NDef.3Pl]	1.0082283031273636	8734	ng	n	g	1	tengenek	tengenek	enek	206	-0.6191176640888044	nek	tengnek	tengnek	68	-1.1004759717517214	3.0294117647058822	1.1083684636134743	TRUE	3Pl (rajonganak)	440
forrong	forrong	[/V][Prs.NDef.3Pl]	0.7458975302127779	4774	ng	n	g	2	forronganak	forronganak	anak	205	-0.6212310234022035	nak	forrongnak	forrongnak	155	-0.7426531862876663	1.3225806451612903	0.2795848622191615	TRUE	3Pl (rajonganak)	440
ránt	ránt	[/V][Prs.NDef.2Sg]	2.1327815031647908	116350	nt	n	t	1	rántas	rántasz	as	205	-0.6212310234022035	s	ránts	rántsz	10	-1.9329848844579576	20.5	3.0204248861443626	TRUE	2Sg (rajongasz)	438
šikolt	sikolt	[/V][Prs.NDef.3Pl]	1.0121388856641615	8813	lt	l	t	2	šikoltanak	sikoltanak	anak	203	-0.6254888465447449	nak	šikoltnak	sikoltnak	5	-2.234014880121939	40.6	3.703768066607687	TRUE	3Pl (rajonganak)	440
tüssent	tüsszent	[/V][Prs.NDef.2Sg]	0.8046847428986841	5466	nt	n	t	2	tüssentes	tüsszentesz	es	197	-0.6385186582963649	s	tüssents	tüsszentsz	4	-2.3309248931299953	49.25	3.8969093676180977	TRUE	2Sg (rajongasz)	438
fetreng	fetreng	[/V][Prs.NDef.2Sg]	1.1845515482523803	13108	ng	n	g	2	fetrenges	fetrengesz	es	43	-1.2995164288783714	s	fetrengs	fetrengsz	195	-0.6429502730954398	0.2205128205128205	-1.5117994428701844	TRUE	2Sg (rajongasz)	438
döng	döng	[/V][Prs.NDef.3Pl]	0.5861865793637012	3305	ng	n	g	1	döngenek	döngenek	enek	192	-0.6496836557544082	nek	döngnek	döngnek	57	-1.1771100287854663	3.3684210526315788	1.2144441041932312	TRUE	3Pl (rajonganak)	440
költ	költ	[/V][Prs.NDef.2Pl]	2.6688025015437415	399749	lt	l	t	1	költötök	költötök	ötök	190	-0.6542312835051288	tök	költtök	költtök	2	-2.6319548887939765	95	4.553876891600541	TRUE	2Pl (rajongotok)	268
borzong	borzong	[/V][Prs.NDef.3Pl]	1.0175746771538423	8924	ng	n	g	2	borzonganak	borzonganak	anak	185	-0.6658131560549441	nak	borzongnak	borzongnak	24	-1.552773642746352	7.708333333333333	2.042301994730379	TRUE	3Pl (rajonganak)	440
örvend	örvend	[/V][Prs.NDef.2Sg]	2.1193126646506104	112797	nd	n	d	2	örvendes	örvendesz	es	184	-0.6681670614484213	s	örvends	örvendsz	72	-1.0756523880266893	2.5555555555555554	0.9382696385929302	TRUE	2Sg (rajongasz)	438
kereng	kereng	[/V][Prs.NDef.3Pl]	0.4808176323113937	2593	ng	n	g	2	kerengenek	kerengenek	enek	175	-0.6899468357716634	nek	kerengnek	kerengnek	155	-0.7426531862876663	1.1290322580645162	0.12136085700426753	TRUE	3Pl (rajonganak)	440
čeppent	cseppent	[/V][Prs.NDef.2Sg]	1.115418071694782	11179	nt	n	t	2	čeppentes	cseppentesz	es	173	-0.6949387813291624	s	čeppents	cseppentsz	1	-2.932984884457958	173	5.153291594497779	TRUE	2Sg (rajongasz)	438
višong	visong	[/V][Prs.NDef.3Pl]	0.3176790350052857	1781	ng	n	g	2	višonganak	visonganak	anak	173	-0.6949387813291624	nak	višongnak	visongnak	17	-1.702535963079684	10.176470588235293	2.3200782504415627	TRUE	3Pl (rajonganak)	440
dong	dong	[/V][Prs.NDef.3Pl]	0.9073721747453984	6924	ng	n	g	1	donganak	donganak	anak	135	-0.8026511159629518	nak	dongnak	dongnak	164	-0.71814103641026	0.823170731707317	-0.19459164938576903	TRUE	3Pl (rajonganak)	440
told	told	[/V][Prs.NDef.3Pl]	1.2461933447518363	15107	ld	l	d	1	toldanak	toldanak	anak	158	-0.7343277975035353	nak	toldnak	toldnak	3	-2.455863629738295	52.666666666666664	3.963982744358857	TRUE	3Pl (rajonganak)	440
ing	ing	[/V][Prs.NDef.3Pl]	2.180008663585595	129716	ng	n	g	1	inganak	inganak	anak	153	-0.748293453640359	nak	ingnak	ingnak	63	-1.133644335004376	2.4285714285714284	0.8873031950009027	TRUE	3Pl (rajonganak)	440
salast	szalaszt	[/V][Prs.NDef.3Pl]	1.165866422570047	12556	st	s	t	2	salastanak	szalasztanak	anak	152	-0.7511412965131853	nak	salastnak	szalasztnak	1	-2.932984884457958	152	5.0238805208462765	TRUE	3Pl (rajonganak)	440
erest	ereszt	[/V][Prs.1Sg›2]	2.0182700425231386	89383	st	s	t	2	erestelek	eresztelek	elek	150	-0.7568936254022766	lek	erestlek	eresztlek	127	-0.829181163502001	1.1811023622047243	0.16644820763766438	TRUE	1Sg›2 (rajongalak)	228
žibong	zsibong	[/V][Prs.NDef.3Pl]	0.3890275541244426	2099	ng	n	g	2	žibonganak	zsibonganak	anak	146	-0.7686320286735208	nak	žibongnak	zsibongnak	81	-1.024499865579308	1.8024691358024691	0.5891574670358977	TRUE	3Pl (rajonganak)	440
čelleng	cselleng	[/V][Prs.NDef.3Pl]	0.30781388665937337	1741	ng	n	g	2	čellengenek	csellengenek	enek	145	-0.771616882222983	nek	čellengnek	csellengnek	61	-1.1476550494471909	2.377049180327869	0.8658598782472632	TRUE	3Pl (rajonganak)	440
olt	olt	[/V][Prs.NDef.2Sg]	2.01363438478017	88434	lt	l	t	1	oltas	oltasz	as	143	-0.777648846992896	s	olts	oltsz	2	-2.6319548887939765	71.5	4.269697449699962	TRUE	2Sg (rajongasz)	438
tilt	tilt	[/V][Prs.1Sg›2]	2.4688841658205796	252272	lt	l	t	1	tiltalak	tiltalak	alak	132	-0.812410953252108	lak	tiltlak	tiltlak	12	-1.853803638410333	11	2.3978952727983707	TRUE	1Sg›2 (rajongalak)	228
sippant	szippant	[/V][Prs.NDef.2Sg]	1.4127220368204705	22167	nt	n	t	2	sippantas	szippantasz	as	130	-0.8190415321511211	s	sippants	szippantsz	1	-2.932984884457958	130	4.867534450455582	TRUE	2Sg (rajongasz)	438
jajong	jajong	[/V][Prs.NDef.3Pl]	0.38214543272564394	2066	ng	n	g	2	jajonganak	jajonganak	anak	129	-0.8223951741587089	nak	jajongnak	jajongnak	63	-1.133644335004376	2.0476190476190474	0.7166776779701394	TRUE	3Pl (rajonganak)	440
végrehajt	végrehajt	[/V][Prs.NDef.2Sg]	2.3635815912942486	197955	jt	j	t	3	végrehajtas	végrehajtasz	as	128	-0.8257749148100895	s	végrehajts	végrehajtsz	1	-2.932984884457958	128	4.852030263919617	TRUE	2Sg (rajongasz)	438
ment	ment	[/V][Prs.1Sg›2]	2.6656885548669886	396893	nt	n	t	1	mentelek	mentelek	elek	121	-0.8501995141415077	lek	mentlek	mentlek	2	-2.6319548887939765	60.5	4.102643365036796	TRUE	1Sg›2 (rajongalak)	228
kíšért	kísért	[/V][Prs.NDef.2Sg]	1.5551849523789012	30773	rt	r	t	2	kíšértes	kísértesz	es	118	-0.8611028771518324	s	kíšérts	kísértsz	2	-2.6319548887939765	59	4.07753744390572	TRUE	2Sg (rajongasz)	438
érint	érint	[/V][Prs.1Sg›2]	3.006391077264476	869713	nt	n	t	2	érintelek	érintelek	elek	115	-0.8722870441043462	lek	érintlek	érintlek	13	-1.819041532151121	8.846153846153847	2.1799827709017134	TRUE	1Sg›2 (rajongalak)	228
šújt	sújt	[/V][Prs.NDef.2Sg]	2.2020777650972594	136478	jt	j	t	1	šújtas	sújtasz	as	113	-0.8799064409745381	s	šújts	sújtsz	2	-2.6319548887939765	56.5	4.034240638152395	TRUE	2Sg (rajongasz)	438
mereng	mereng	[/V][Prs.NDef.2Pl]	1.2914445773647398	16766	ng	n	g	2	merengetek	merengetek	etek	1	-2.932984884457958	tek	merengtek	merengtek	112	-0.8837668617877762	0.008928571428571428	-4.718498871295094	TRUE	2Pl (rajongotok)	268
čüng	csüng	[/V][Prs.NDef.2Sg]	1.166350393228	12570	ng	n	g	1	čünges	csüngesz	es	12	-1.853803638410333	s	čüngs	csüngsz	110	-0.8915921992997328	0.10909090909090909	-2.2155737160044158	TRUE	2Sg (rajongasz)	438
füllent	füllent	[/V][Prs.NDef.2Sg]	0.6628418926152654	3943	nt	n	t	2	füllentes	füllentesz	es	109	-0.8955583865173342	s	füllents	füllentsz	2	-2.6319548887939765	54.5	3.9982007016691985	TRUE	2Sg (rajongasz)	438
bossant	bosszant	[/V][Prs.NDef.2Sg]	1.6866614018736934	41653	nt	n	t	2	bossantas	bosszantasz	as	108	-0.8995611289710082	s	bossants	bosszantsz	1	-2.932984884457958	108	4.68213122712422	TRUE	2Sg (rajongasz)	438
pussant	pusszant	[/V][Prs.1Sg›2]	-0.4766188513289148	286	nt	n	t	2	pussantalak	pusszantalak	alak	107	-0.9036011067727482	lak	pussantlak	pusszantlak	60	-1.1548336340743142	1.7833333333333334	0.5784842722398056	TRUE	1Sg›2 (rajongalak)	228
árast	áraszt	[/V][Prs.1Sg›2]	2.0384301389270374	93630	st	s	t	2	árastalak	árasztalak	alak	107	-0.9036011067727482	lak	árastlak	árasztlak	3	-2.455863629738295	35.666666666666664	3.574216545793796	TRUE	1Sg›2 (rajongalak)	228
hint	hint	[/V][Prs.NDef.2Sg]	1.5869611793795713	33109	nt	n	t	1	hintes	hintesz	es	102	-0.9243847126960404	s	hints	hintsz	2	-2.6319548887939765	51	3.9318256327243257	TRUE	2Sg (rajongasz)	438
rejt	rejt	[/V][Prs.1Sg›2]	2.5010631926907587	271674	jt	j	t	1	rejtelek	rejtelek	elek	102	-0.9243847126960404	lek	rejtlek	rejtlek	4	-2.3309248931299953	25.5	3.2386784521643803	TRUE	1Sg›2 (rajongalak)	228
tölt	tölt	[/V][Prs.1Sg›2]	3.4380290110614276	2349708	lt	l	t	1	töltelek	töltelek	elek	101	-0.9286635106753152	lek	töltlek	töltlek	1	-2.932984884457958	101	4.61512051684126	TRUE	1Sg›2 (rajongalak)	228
sállong	szállong	[/V][Prs.NDef.3Pl]	0.08321246905448124	1038	ng	n	g	2	sállonganak	szállonganak	anak	100	-0.9329848844579578	nak	sállongnak	szállongnak	53	-1.2087090148571689	1.8867924528301887	0.6348782724359695	TRUE	3Pl (rajonganak)	440
ömleng	ömleng	[/V][Prs.NDef.3Pl]	0.2612518642658714	1564	ng	n	g	2	ömlengenek	ömlengenek	enek	100	-0.9329848844579578	nek	ömlengnek	ömlengnek	7	-2.087886844443701	14.285714285714286	2.659260036932778	TRUE	3Pl (rajonganak)	440
ömlest	ömleszt	[/V][Prs.NDef.3Pl]	1.0226066659477666	9028	st	s	t	2	ömlestenek	ömlesztenek	enek	98	-0.9417588087654628	nek	ömlestnek	ömlesztnek	1	-2.932984884457958	98	4.584967478670572	TRUE	3Pl (rajonganak)	440
reng	reng	[/V][Prs.NDef.3Pl]	1.2320515955366076	14623	ng	n	g	1	rengenek	rengenek	enek	97	-0.946213150191713	nek	rengnek	rengnek	24	-1.552773642746352	4.041666666666667	1.3966571481554373	TRUE	3Pl (rajonganak)	440
kíšért	kísért	[/V][Prs.1Sg›2]	1.5551849523789012	30773	rt	r	t	2	kíšértelek	kísértelek	elek	93	-0.9645019359040228	lek	kíšértlek	kísértlek	1	-2.932984884457958	93	4.532599493153256	TRUE	1Sg›2 (rajongalak)	228
veršeng	verseng	[/V][Prs.NDef.2Sg]	1.673041590197379	40367	ng	n	g	2	veršenges	versengesz	es	15	-1.756893625402277	s	veršengs	versengsz	92	-0.9691970571124026	0.16304347826086957	-1.8137383759468302	TRUE	2Sg (rajongasz)	438
bánt	bánt	[/V][Prs.NDef.2Pl]	2.302654646830123	172044	nt	n	t	1	bántotok	bántotok	otok	89	-0.983594877813045	tok	bánttok	bánttok	1	-2.932984884457958	89	4.48863636973214	TRUE	2Pl (rajongotok)	268
terjest	terjeszt	[/V][Prs.NDef.2Pl]	2.4984882437993483	270068	st	s	t	2	terjestetek	terjesztetek	etek	89	-0.983594877813045	tek	terjesttek	terjeszttek	1	-2.932984884457958	89	4.48863636973214	TRUE	2Pl (rajongotok)	268
borzong	borzong	[/V][Prs.NDef.2Sg]	1.0175746771538423	8924	ng	n	g	2	borzongas	borzongasz	as	5	-2.234014880121939	s	borzongs	borzongsz	85	-1.0035659587436652	0.058823529411764705	-2.833213344056216	TRUE	2Sg (rajongasz)	438
kérd	kérd	[/V][Prs.1Sg›2]	1.9986204382455903	85429	rd	r	d	1	kérdelek	kérdelek	elek	85	-1.0035659587436652	lek	kérdlek	kérdlek	43	-1.2995164288783714	1.9767441860465116	0.6814511407967541	TRUE	1Sg›2 (rajongalak)	228
peng	peng	[/V][Prs.NDef.3Pl]	0.8837865278753886	6558	ng	n	g	1	pengenek	pengenek	enek	84	-1.0087055983960762	nek	pengnek	pengnek	41	-1.3202010277382223	2.048780487804878	0.7172447321390059	TRUE	3Pl (rajonganak)	440
ujjong	ujjong	[/V][Prs.NDef.2Sg]	1.3958430545563227	21322	ng	n	g	2	ujjongas	ujjongasz	as	10	-1.9329848844579576	s	ujjongs	ujjongsz	83	-1.0139067920818838	0.12048192771084337	-2.1162555148025524	TRUE	2Sg (rajongasz)	438
őrjöng	őrjöng	[/V][Prs.NDef.2Sg]	1.1505535667721816	12121	ng	n	g	2	őrjönges	őrjöngesz	es	11	-1.8915921992997329	s	őrjöngs	őrjöngsz	82	-1.019171032074241	0.13414634146341464	-2.0088239744658827	TRUE	2Sg (rajongasz)	438
peng	peng	[/V][Prs.NDef.2Pl]	0.8837865278753886	6558	ng	n	g	1	pengetek	pengetek	etek	81	-1.024499865579308	tek	pengtek	pengtek	40	-1.3309248931299955	2.025	0.7055697005585024	TRUE	2Pl (rajongotok)	268
ráng	ráng	[/V][Prs.NDef.3Pl]	1.3527524056886966	19308	ng	n	g	1	ránganak	ránganak	anak	80	-1.0298948974660145	nak	rángnak	rángnak	20	-1.6319548887939763	4	1.3862943611198906	TRUE	3Pl (rajonganak)	440
kérd	kérd	[/V][Prs.NDef.2Sg]	1.9986204382455903	85429	rd	r	d	1	kérdes	kérdesz	es	79	-1.0353577931675164	s	kérds	kérdsz	2	-2.6319548887939765	39.5	3.676300671907076	TRUE	2Sg (rajongasz)	438
megšért	megsért	[/V][Prs.1Sg›2]	2.1871545349738746	131868	rt	r	t	2	megšértelek	megsértelek	elek	79	-1.0353577931675164	lek	megšértlek	megsértlek	2	-2.6319548887939765	39.5	3.676300671907076	TRUE	1Sg›2 (rajongalak)	228
pillant	pillant	[/V][Prs.NDef.2Pl]	2.0275762625908595	91319	nt	n	t	2	pillantotok	pillantotok	otok	78	-1.0408902817674774	tok	pillanttok	pillanttok	1	-2.932984884457958	78	4.356708826689592	TRUE	2Pl (rajongotok)	268
márt	márt	[/V][Prs.NDef.2Sg]	1.600189576284433	34133	rt	r	t	1	mártas	mártasz	as	77	-1.046494159285476	s	márts	mártsz	1	-2.932984884457958	77	4.343805421853684	TRUE	2Sg (rajongasz)	438
ring	ring	[/V][Prs.NDef.2Sg]	1.9599496550527609	78151	ng	n	g	1	ringas	ringasz	as	9	-1.978742375018633	s	rings	ringsz	77	-1.046494159285476	0.11688311688311688	-2.1465808445174646	TRUE	2Sg (rajongasz)	438
kérd	kérd	[/V][Prs.NDef.3Pl]	1.9986204382455903	85429	rd	r	d	1	kérdenek	kérdenek	enek	76	-1.0521712921771664	nek	kérdnek	kérdnek	65	-1.1200715278151023	1.1692307692307693	0.15634607039069404	TRUE	3Pl (rajonganak)	440
kering	kering	[/V][Prs.NDef.2Sg]	1.9960046439135095	84916	ng	n	g	2	keringes	keringesz	es	32	-1.427834906138052	s	kerings	keringsz	70	-1.087886844443701	0.45714285714285713	-0.7827593392496325	TRUE	2Sg (rajongasz)	438
bojong	bolyong	[/V][Prs.NDef.2Pl]	1.5543797744589725	30716	ng	n	g	2	bojongotok	bolyongotok	otok	1	-2.932984884457958	tok	bojongtok	bolyongtok	68	-1.1004759717517214	0.014705882352941176	-4.219507705176107	TRUE	2Pl (rajongotok)	268
kárörvend	kárörvend	[/V][Prs.NDef.3Pl]	0.26622159470369994	1582	nd	n	d	3	kárörvendenek	kárörvendenek	enek	68	-1.1004759717517214	nek	kárörvendnek	kárörvendnek	9	-1.978742375018633	7.555555555555555	2.0222831278398874	TRUE	3Pl (rajonganak)	440
félreért	félreért	[/V][Prs.1Sg›2]	1.6781859130022172	40848	rt	r	t	3	félreértelek	félreértelek	elek	67	-1.1069100817571311	lek	félreértlek	félreértlek	4	-2.3309248931299953	16.75	2.8183982582710754	TRUE	1Sg›2 (rajongalak)	228
borong	borong	[/V][Prs.NDef.3Pl]	0.4584795273811454	2463	ng	n	g	2	boronganak	boronganak	anak	65	-1.1200715278151023	nak	borongnak	borongnak	36	-1.3766823836906703	1.8055555555555556	0.5908683314395271	TRUE	3Pl (rajonganak)	440
olvast	olvaszt	[/V][Prs.NDef.2Sg]	1.807117150142854	54967	st	s	t	2	olvastas	olvasztasz	as	64	-1.1268049104740707	s	olvasts	olvasztsz	1	-2.932984884457958	64	4.1588830833596715	TRUE	2Sg (rajongasz)	438
čöng	csöng	[/V][Prs.NDef.3Pl]	0.7762002450922876	5119	ng	n	g	1	čöngenek	csöngenek	enek	59	-1.1621328728158136	nek	čöngnek	csöngnek	7	-2.087886844443701	8.428571428571429	2.1316272948504063	TRUE	3Pl (rajonganak)	440
lejt	lejt	[/V][Prs.NDef.2Sg]	1.1958342577365526	13453	jt	j	t	1	lejtes	lejtesz	es	59	-1.1621328728158136	s	lejts	lejtsz	24	-1.552773642746352	2.4583333333333335	0.8994836135577738	TRUE	2Sg (rajongasz)	438
ḏújt	gyújt	[/V][Prs.NDef.2Pl]	2.117290442944573	112273	jt	j	t	1	ḏújtotok	gyújtotok	otok	57	-1.1771100287854663	tok	ḏújttok	gyújttok	2	-2.6319548887939765	28.5	3.349904087274605	TRUE	2Pl (rajongotok)	268
ődöng	ődöng	[/V][Prs.NDef.3Pl]	0.09150078324120914	1058	ng	n	g	2	ődöngenek	ődöngenek	enek	54	-1.2005911246349894	nek	ődöngnek	ődöngnek	7	-2.087886844443701	7.714285714285714	2.043073897508961	TRUE	3Pl (rajonganak)	440
hőzöng	hőzöng	[/V][Prs.NDef.2Sg]	0.5271609330337924	2885	ng	n	g	2	hőzönges	hőzöngesz	es	6	-2.1548336340743144	s	hőzöngs	hőzöngsz	52	-1.2169815408231586	0.11538461538461539	-2.159484249353372	TRUE	2Sg (rajongasz)	438
zeng	zeng	[/V][Prs.NDef.2Sg]	1.7743979085034178	50978	ng	n	g	1	zenges	zengesz	es	39	-1.3419202774314587	s	zengs	zengsz	52	-1.2169815408231586	0.75	-0.2876820724517809	TRUE	2Sg (rajongasz)	438
ešeng	eseng	[/V][Prs.NDef.3Pl]	0.2304746673120323	1457	ng	n	g	2	ešengenek	esengenek	enek	51	-1.2254147083600215	nek	ešengnek	esengnek	22	-1.5905622036357516	2.3181818181818183	0.84078317936601	TRUE	3Pl (rajonganak)	440
ejt	ejt	[/V][Prs.1Sg›2]	2.54627650321544	301482	jt	j	t	1	ejtelek	ejtelek	elek	50	-1.234014880121939	lek	ejtlek	ejtlek	2	-2.6319548887939765	25	3.2188758248682006	TRUE	1Sg›2 (rajongalak)	228
hord	hord	[/V][Prs.1Sg›2]	2.5559590570874056	308279	rd	r	d	1	hordalak	hordalak	alak	50	-1.234014880121939	lak	hordlak	hordlak	13	-1.819041532151121	3.8461538461538463	1.3470736479666094	TRUE	1Sg›2 (rajongalak)	228
ont	ont	[/V][Prs.NDef.2Sg]	1.7436264299947593	47491	nt	n	t	1	ontas	ontasz	as	48	-1.2517436470823706	s	onts	ontsz	25	-1.5350448757859203	1.92	0.6523251860396901	TRUE	2Sg (rajongasz)	438
šikolt	sikolt	[/V][Prs.NDef.2Sg]	1.0121388856641615	8813	lt	l	t	2	šikoltas	sikoltasz	as	48	-1.2517436470823706	s	šikolts	sikoltsz	4	-2.3309248931299953	12	2.4849066497880004	TRUE	2Sg (rajongasz)	438
fost	foszt	[/V][Prs.1Sg›2]	1.6726648740591443	40332	st	s	t	1	fostalak	fosztalak	alak	47	-1.2608870265222405	lak	fostlak	fosztlak	1	-2.932984884457958	47	3.8501476017100584	TRUE	1Sg›2 (rajongalak)	228
sorong	szorong	[/V][Prs.NDef.2Pl]	1.6523630266366331	38490	ng	n	g	2	sorongotok	szorongotok	otok	2	-2.6319548887939765	tok	sorongtok	szorongtok	46	-1.2702270527763837	0.043478260869565216	-3.1354942159291497	TRUE	2Pl (rajongotok)	268
lézeng	lézeng	[/V][Prs.NDef.2Sg]	1.031557581621179	9216	ng	n	g	2	lézenges	lézengesz	es	4	-2.3309248931299953	s	lézengs	lézengsz	45	-1.279772370682614	0.08888888888888889	-2.4203681286504293	TRUE	2Sg (rajongasz)	438
old	old	[/V][Prs.1Sg›2]	2.8249058973828483	572652	ld	l	d	1	oldalak	oldalak	alak	29	-1.4705868865590015	lak	oldlak	oldlak	45	-1.279772370682614	0.6444444444444445	-0.43936665978384565	TRUE	1Sg›2 (rajongalak)	228
šejt	sejt	[/V][Prs.NDef.2Pl]	2.9107709750098145	697840	jt	j	t	1	šejtetek	sejtetek	etek	45	-1.279772370682614	tek	šejttek	sejttek	1	-2.932984884457958	45	3.8066624897703196	TRUE	2Pl (rajongotok)	268
tapast	tapaszt	[/V][Prs.1Sg›2]	1.133564654303976	11656	st	s	t	2	tapastalak	tapasztalak	alak	44	-1.2895322079717704	lak	tapastlak	tapasztlak	1	-2.932984884457958	44	3.784189633918261	TRUE	1Sg›2 (rajongalak)	228
óhajt	óhajt	[/V][Prs.1Sg›2]	1.6797460062903842	40995	jt	j	t	2	óhajtalak	óhajtalak	alak	33	-1.4144709445800705	lak	óhajtlak	óhajtlak	44	-1.2895322079717704	0.75	-0.2876820724517809	TRUE	1Sg›2 (rajongalak)	228
bong	bong	[/V][Prs.NDef.3Pl]	0.4401111026207692	2361	ng	n	g	1	bonganak	bonganak	anak	28	-1.4858268531157386	nak	bongnak	bongnak	43	-1.2995164288783714	0.6511627906976745	-0.4289956055183584	TRUE	3Pl (rajonganak)	440
bossant	bosszant	[/V][Prs.1Sg›2]	1.6866614018736934	41653	nt	n	t	2	bossantalak	bosszantalak	alak	43	-1.2995164288783714	lak	bossantlak	bosszantlak	7	-2.087886844443701	6.142857142857143	1.8152899666382492	TRUE	1Sg›2 (rajongalak)	228
šikong	sikong	[/V][Prs.NDef.3Pl]	0.00503421301825244	867	ng	n	g	2	šikonganak	sikonganak	anak	42	-1.3097355940600577	nak	šikongnak	sikongnak	22	-1.5905622036357516	1.9090909090909092	0.6466271649250525	TRUE	3Pl (rajonganak)	440
fojt	fojt	[/V][Prs.1Sg›2]	1.5716626503360749	31963	jt	j	t	1	fojtalak	fojtalak	alak	41	-1.3202010277382223	lak	fojtlak	fojtlak	6	-2.1548336340743144	6.833333333333333	1.9218125974762528	TRUE	1Sg›2 (rajongalak)	228
ijest	ijeszt	[/V][Prs.1Sg›2]	1.3020382750372657	17180	st	s	t	2	ijestelek	ijesztelek	elek	41	-1.3202010277382223	lek	ijestlek	ijesztlek	7	-2.087886844443701	5.857142857142857	1.7676619176489945	TRUE	1Sg›2 (rajongalak)	228
ránt	ránt	[/V][Prs.NDef.2Pl]	2.1327815031647908	116350	nt	n	t	1	rántotok	rántotok	otok	41	-1.3202010277382223	tok	ránttok	ránttok	1	-2.932984884457958	41	3.713572066704308	TRUE	2Pl (rajongotok)	268
búšong	búsong	[/V][Prs.NDef.3Pl]	0.03736199177213555	934	ng	n	g	2	búšonganak	búsonganak	anak	39	-1.3419202774314587	nak	búšongnak	búsongnak	2	-2.6319548887939765	19.5	2.970414465569701	TRUE	3Pl (rajonganak)	440
kösönt	köszönt	[/V][Prs.NDef.2Sg]	2.6232584999815622	359951	nt	n	t	2	kösöntes	köszöntesz	es	39	-1.3419202774314587	s	kösönts	köszöntsz	1	-2.932984884457958	39	3.6635616461296463	TRUE	2Sg (rajongasz)	438
felért	felért	[/V][Prs.NDef.2Pl]	-0.9117955853880196	105	rt	r	t	2	felértetek	felértetek	etek	38	-1.3532012878411477	tek	felérttek	felérttek	1	-2.932984884457958	38	3.6375861597263857	TRUE	2Pl (rajongotok)	268
zajong	zajong	[/V][Prs.NDef.2Pl]	0.8742117762529894	6415	ng	n	g	2	zajongotok	zajongotok	otok	1	-2.932984884457958	tok	zajongtok	zajongtok	38	-1.3532012878411477	0.02631578947368421	-3.6375861597263857	TRUE	2Pl (rajongotok)	268
irt	irt	[/V][Prs.NDef.2Sg]	2.0216145648335377	90074	rt	r	t	1	irtas	irtasz	as	37	-1.3647831603909628	s	irts	irtsz	2	-2.6319548887939765	18.5	2.917770732084279	TRUE	2Sg (rajongasz)	438
leng	leng	[/V][Prs.NDef.2Sg]	1.7526762559372897	48491	ng	n	g	1	lenges	lengesz	es	8	-2.0298948974660145	s	lengs	lengsz	37	-1.3647831603909628	0.21621621621621623	-1.5314763709643884	TRUE	2Sg (rajongasz)	438
hajlong	hajlong	[/V][Prs.NDef.2Sg]	0.787339832959484	5252	ng	n	g	2	hajlongas	hajlongasz	as	18	-1.6777123793546518	s	hajlongs	hajlongsz	35	-1.388916840107682	0.5142857142857142	-0.6649763035932491	TRUE	2Sg (rajongasz)	438
kurjant	kurjant	[/V][Prs.NDef.3Pl]	0.31523367673211694	1771	nt	n	t	2	kurjantanak	kurjantanak	anak	35	-1.388916840107682	nak	kurjantnak	kurjantnak	7	-2.087886844443701	5	1.6094379124341003	TRUE	3Pl (rajonganak)	440
šújt	sújt	[/V][Prs.1Sg›2]	2.2020777650972594	136478	jt	j	t	1	šújtalak	sújtalak	alak	34	-1.4015059674157029	lak	šújtlak	sújtlak	8	-2.0298948974660145	4.25	1.4469189829363254	TRUE	1Sg›2 (rajongalak)	228
jajong	jajong	[/V][Prs.NDef.2Sg]	0.38214543272564394	2066	ng	n	g	2	jajongas	jajongasz	as	2	-2.6319548887939765	s	jajongs	jajongsz	33	-1.4144709445800705	0.06060606060606061	-2.803360380906535	TRUE	2Sg (rajongasz)	438
teng	teng	[/V][Prs.NDef.2Pl]	1.0082283031273636	8734	ng	n	g	1	tengetek	tengetek	etek	3	-2.455863629738295	tek	tengtek	tengtek	33	-1.4144709445800705	0.09090909090909091	-2.3978952727983707	TRUE	2Pl (rajongotok)	268
tolong	tolong	[/V][Prs.NDef.2Pl]	1.2105607427804643	13917	ng	n	g	2	tolongotok	tolongotok	otok	1	-2.932984884457958	tok	tolongtok	tolongtok	33	-1.4144709445800705	0.030303030303030304	-3.4965075614664802	TRUE	2Pl (rajongotok)	268
zajong	zajong	[/V][Prs.NDef.2Sg]	0.8742117762529894	6415	ng	n	g	2	zajongas	zajongasz	as	2	-2.6319548887939765	s	zajongs	zajongsz	33	-1.4144709445800705	0.06060606060606061	-2.803360380906535	TRUE	2Sg (rajongasz)	438
ránt	ránt	[/V][Prs.1Sg›2]	2.1327815031647908	116350	nt	n	t	1	rántalak	rántalak	alak	32	-1.427834906138052	lak	rántlak	rántlak	3	-2.455863629738295	10.666666666666666	2.367123614131617	TRUE	1Sg›2 (rajongalak)	228
termest	termeszt	[/V][Prs.NDef.2Pl]	1.952517684470458	76825	st	s	t	2	termestetek	termesztetek	etek	32	-1.427834906138052	tek	termesttek	termeszttek	1	-2.932984884457958	32	3.4657359027997265	TRUE	2Pl (rajongotok)	268
füṯṯent	füttyent	[/V][Prs.NDef.2Sg]	0.5728431493968784	3205	nt	n	t	2	füṯṯentes	füttyentesz	es	31	-1.4416231906236852	s	füṯṯents	füttyentsz	1	-2.932984884457958	31	3.4339872044851463	TRUE	2Sg (rajongasz)	438
akast	akaszt	[/V][Prs.1Sg›2]	2.0187556513332554	89483	st	s	t	2	akastalak	akasztalak	alak	30	-1.4558636297382954	lak	akastlak	akasztlak	1	-2.932984884457958	30	3.4011973816621555	TRUE	1Sg›2 (rajongalak)	228
fešt	fest	[/V][Prs.1Sg›2]	2.6777795819372385	408098	št	š	t	1	feštelek	festelek	elek	30	-1.4558636297382954	lek	feštlek	festlek	2	-2.6319548887939765	15	2.70805020110221	TRUE	1Sg›2 (rajongalak)	228
hőzöng	hőzöng	[/V][Prs.NDef.2Pl]	0.5271609330337924	2885	ng	n	g	2	hőzöngötök	hőzöngötök	ötök	1	-2.932984884457958	tök	hőzöngtök	hőzöngtök	30	-1.4558636297382954	0.03333333333333333	-3.4011973816621555	TRUE	2Pl (rajongotok)	268
kukkant	kukkant	[/V][Prs.NDef.2Sg]	0.995564582543706	8483	nt	n	t	2	kukkantas	kukkantasz	as	30	-1.4558636297382954	s	kukkants	kukkantsz	1	-2.932984884457958	30	3.4011973816621555	TRUE	2Sg (rajongasz)	438
šejt	sejt	[/V][Prs.1Sg›2]	2.9107709750098145	697840	jt	j	t	1	šejtelek	sejtelek	elek	30	-1.4558636297382954	lek	šejtlek	sejtlek	3	-2.455863629738295	10	2.302585092994046	TRUE	1Sg›2 (rajongalak)	228
ságuld	száguld	[/V][Prs.NDef.2Pl]	1.6960677532704322	42565	ld	l	d	2	ságuldotok	száguldotok	otok	30	-1.4558636297382954	tok	ságuldtok	száguldtok	2	-2.6319548887939765	15	2.70805020110221	TRUE	2Pl (rajongotok)	268
šuhint	suhint	[/V][Prs.NDef.2Sg]	0.7173226386739786	4470	nt	n	t	2	šuhintas	suhintasz	as	29	-1.4705868865590015	s	šuhints	suhintsz	1	-2.932984884457958	29	3.367295829986474	TRUE	2Sg (rajongasz)	438
hajt	hajt	[/V][Prs.1Sg›2]	2.919594521957997	712163	jt	j	t	1	hajtalak	hajtalak	alak	28	-1.4858268531157386	lak	hajtlak	hajtlak	3	-2.455863629738295	9.333333333333334	2.2335922215070942	TRUE	1Sg›2 (rajongalak)	228
kólint	kólint	[/V][Prs.NDef.3Pl]	0.27866951609522456	1628	nt	n	t	2	kólintanak	kólintanak	anak	27	-1.5016211202989704	nak	kólintnak	kólintnak	2	-2.6319548887939765	13.5	2.6026896854443837	TRUE	3Pl (rajonganak)	440
forrong	forrong	[/V][Prs.NDef.2Sg]	0.7458975302127779	4774	ng	n	g	2	forrongas	forrongasz	as	1	-2.932984884457958	s	forrongs	forrongsz	25	-1.5350448757859203	0.04	-3.2188758248682006	TRUE	2Sg (rajongasz)	438
rejt	rejt	[/V][Prs.NDef.2Pl]	2.5010631926907587	271674	jt	j	t	1	rejtetek	rejtetek	etek	25	-1.5350448757859203	tek	rejttek	rejttek	5	-2.234014880121939	5	1.6094379124341003	TRUE	2Pl (rajongotok)	268
dönt	dönt	[/V][Prs.1Sg›2]	3.394476429170933	2125501	nt	n	t	1	döntelek	döntelek	elek	24	-1.552773642746352	lek	döntlek	döntlek	7	-2.087886844443701	3.4285714285714284	1.2321436812926323	TRUE	1Sg›2 (rajongalak)	228
vált	vált	[/V][Prs.1Sg›2]	3.138701646345799	1179469	lt	l	t	1	váltalak	váltalak	alak	24	-1.552773642746352	lak	váltlak	váltlak	7	-2.087886844443701	3.4285714285714284	1.2321436812926323	TRUE	1Sg›2 (rajongalak)	228
hint	hint	[/V][Prs.NDef.2Pl]	1.5869611793795713	33109	nt	n	t	1	hintetek	hintetek	etek	23	-1.571257048440365	tek	hinttek	hinttek	2	-2.6319548887939765	11.5	2.4423470353692043	TRUE	2Pl (rajongotok)	268
kárörvend	kárörvend	[/V][Prs.NDef.2Pl]	0.26622159470369994	1582	nd	n	d	3	kárörvendetek	kárörvendetek	etek	1	-2.932984884457958	tek	kárörvendtek	kárörvendtek	23	-1.571257048440365	0.043478260869565216	-3.1354942159291497	TRUE	2Pl (rajongotok)	268
borong	borong	[/V][Prs.NDef.2Sg]	0.4584795273811454	2463	ng	n	g	2	borongas	borongasz	as	7	-2.087886844443701	s	borongs	borongsz	22	-1.5905622036357516	0.3181818181818182	-1.1451323043030026	TRUE	2Sg (rajongasz)	438
hullong	hullong	[/V][Prs.NDef.3Pl]	-0.6385186582963649	197	ng	n	g	2	hullonganak	hullonganak	anak	20	-1.6319548887939763	nak	hullongnak	hullongnak	2	-2.6319548887939765	10	2.302585092994046	TRUE	3Pl (rajonganak)	440
lázong	lázong	[/V][Prs.NDef.2Sg]	0.478803120085911	2581	ng	n	g	2	lázongas	lázongasz	as	4	-2.3309248931299953	s	lázongs	lázongsz	20	-1.6319548887939763	0.2	-1.6094379124341003	TRUE	2Sg (rajongasz)	438
tévest	téveszt	[/V][Prs.1Sg›2]	1.7844276275827178	52169	st	s	t	2	tévestelek	tévesztelek	elek	20	-1.6319548887939763	lek	tévestlek	tévesztlek	4	-2.3309248931299953	5	1.6094379124341003	TRUE	1Sg›2 (rajongalak)	228
ömleng	ömleng	[/V][Prs.NDef.2Sg]	0.2612518642658714	1564	ng	n	g	2	ömlenges	ömlengesz	es	4	-2.3309248931299953	s	ömlengs	ömlengsz	20	-1.6319548887939763	0.2	-1.6094379124341003	TRUE	2Sg (rajongasz)	438
jelent	jelent	[/V][Prs.1Sg›2]	3.848512349249592	6046405	nt	n	t	2	jelentelek	jelentelek	elek	19	-1.654231283505129	lek	jelentlek	jelentlek	5	-2.234014880121939	3.8	1.33500106673234	TRUE	1Sg›2 (rajongalak)	228
dühöng	dühöng	[/V][Prs.NDef.2Pl]	1.3723234834061857	20198	ng	n	g	2	dühöngötök	dühöngötök	ötök	3	-2.455863629738295	tök	dühöngtök	dühöngtök	18	-1.6777123793546518	0.16666666666666666	-1.791759469228055	TRUE	2Pl (rajongotok)	268
gerjest	gerjeszt	[/V][Prs.1Sg›2]	1.5671280377017365	31631	st	s	t	2	gerjestelek	gerjesztelek	elek	18	-1.6777123793546518	lek	gerjestlek	gerjesztlek	1	-2.932984884457958	18	2.8903717578961645	TRUE	1Sg›2 (rajongalak)	228
vest	veszt	[/V][Prs.1Sg›2]	2.6514582920249814	384099	st	s	t	1	vestelek	vesztelek	elek	18	-1.6777123793546518	lek	vestlek	vesztlek	3	-2.455863629738295	6	1.791759469228055	TRUE	1Sg›2 (rajongalak)	228
kelt	kelt	[/V][Prs.1Sg›2]	2.7981185534768014	538398	lt	l	t	1	keltelek	keltelek	elek	17	-1.702535963079684	lek	keltlek	keltlek	1	-2.932984884457958	17	2.833213344056216	TRUE	1Sg›2 (rajongalak)	228
riast	riaszt	[/V][Prs.1Sg›2]	1.8228823519462607	56999	st	s	t	2	riastalak	riasztalak	alak	17	-1.702535963079684	lak	riastlak	riasztlak	9	-1.978742375018633	1.8888888888888888	0.6359887667199967	TRUE	1Sg›2 (rajongalak)	228
tolong	tolong	[/V][Prs.NDef.2Sg]	1.2105607427804643	13917	ng	n	g	2	tolongas	tolongasz	as	2	-2.6319548887939765	s	tolongs	tolongsz	16	-1.728864901802033	0.125	-2.0794415416798357	TRUE	2Sg (rajongasz)	438
áld	áld	[/V][Prs.NDef.2Pl]	1.9847463785340496	82743	ld	l	d	1	áldotok	áldotok	otok	16	-1.728864901802033	tok	áldtok	áldtok	2	-2.6319548887939765	8	2.0794415416798357	TRUE	2Pl (rajongotok)	268
állong	állong	[/V][Prs.NDef.3Pl]	-0.623354717032059	204	ng	n	g	2	állonganak	állonganak	anak	15	-1.756893625402277	nak	állongnak	állongnak	7	-2.087886844443701	2.142857142857143	0.7621400520468967	TRUE	3Pl (rajonganak)	440
ellentmond	ellentmond	[/V][Prs.NDef.2Pl]	1.8501894968434336	60698	nd	n	d	3	ellentmondotok	ellentmondotok	otok	2	-2.6319548887939765	tok	ellentmondtok	ellentmondtok	14	-1.7868568487797198	0.14285714285714285	-1.9459101490553135	TRUE	2Pl (rajongotok)	268
füröst	füröszt	[/V][Prs.1Sg›2]	0.5572546007883294	3092	st	s	t	2	füröstelek	fürösztelek	elek	14	-1.7868568487797198	lek	füröstlek	fürösztlek	3	-2.455863629738295	4.666666666666667	1.540445040947149	TRUE	1Sg›2 (rajongalak)	228
riast	riaszt	[/V][Prs.NDef.2Sg]	1.8228823519462607	56999	st	s	t	2	riastas	riasztasz	as	14	-1.7868568487797198	s	riasts	riasztsz	3	-2.455863629738295	4.666666666666667	1.540445040947149	TRUE	2Sg (rajongasz)	438
támast	támaszt	[/V][Prs.1Sg›2]	2.412676973025972	221647	st	s	t	2	támastalak	támasztalak	alak	13	-1.819041532151121	lak	támastlak	támasztlak	1	-2.932984884457958	13	2.5649493574615367	TRUE	1Sg›2 (rajongalak)	228
apast	apaszt	[/V][Prs.NDef.3Pl]	0.5697152908526049	3182	st	s	t	2	apastanak	apasztanak	anak	12	-1.853803638410333	nak	apastnak	apasztnak	1	-2.932984884457958	12	2.4849066497880004	TRUE	3Pl (rajonganak)	440
hint	hint	[/V][Prs.1Sg›2]	1.5869611793795713	33109	nt	n	t	1	hintelek	hintelek	elek	11	-1.8915921992997329	lek	hintlek	hintlek	1	-2.932984884457958	11	2.3978952727983707	TRUE	1Sg›2 (rajongalak)	228
sánt	szánt	[/V][Prs.1Sg›2]	2.6324130648880937	367619	nt	n	t	1	sántalak	szántalak	alak	11	-1.8915921992997329	lak	sántlak	szántlak	3	-2.455863629738295	3.6666666666666665	1.2992829841302609	TRUE	1Sg›2 (rajongalak)	228
önt	önt	[/V][Prs.1Sg›2]	2.628092636201345	363980	nt	n	t	1	öntelek	öntelek	elek	11	-1.8915921992997329	lek	öntlek	öntlek	9	-1.978742375018633	1.2222222222222223	0.20067069546215124	TRUE	1Sg›2 (rajongalak)	228
búšong	búsong	[/V][Prs.NDef.2Sg]	0.03736199177213555	934	ng	n	g	2	búšongas	búsongasz	as	2	-2.6319548887939765	s	búšongs	búsongsz	10	-1.9329848844579576	0.2	-1.6094379124341003	TRUE	2Sg (rajongasz)	438
kereng	kereng	[/V][Prs.NDef.2Sg]	0.4808176323113937	2593	ng	n	g	2	kerenges	kerengesz	es	2	-2.6319548887939765	s	kerengs	kerengsz	10	-1.9329848844579576	0.2	-1.6094379124341003	TRUE	2Sg (rajongasz)	438
kérd	kérd	[/V][Prs.NDef.2Pl]	1.9986204382455903	85429	rd	r	d	1	kérdetek	kérdetek	etek	6	-2.1548336340743144	tek	kérdtek	kérdtek	10	-1.9329848844579576	0.6	-0.5108256237659907	TRUE	2Pl (rajongotok)	268
billent	billent	[/V][Prs.1Sg›2]	1.2721111631205262	16036	nt	n	t	2	billentelek	billentelek	elek	9	-1.978742375018633	lek	billentlek	billentlek	1	-2.932984884457958	9	2.1972245773362196	TRUE	1Sg›2 (rajongalak)	228
dülöng	dülöng	[/V][Prs.NDef.3Pl]	-0.627633515011334	202	ng	n	g	2	dülöngenek	dülöngenek	enek	9	-1.978742375018633	nek	dülöngnek	dülöngnek	6	-2.1548336340743144	1.5	0.4054651081081644	TRUE	3Pl (rajonganak)	440
firkant	firkant	[/V][Prs.NDef.2Sg]	0.35816187727392773	1955	nt	n	t	2	firkantas	firkantasz	as	9	-1.978742375018633	s	firkants	firkantsz	1	-2.932984884457958	9	2.1972245773362196	TRUE	2Sg (rajongasz)	438
leng	leng	[/V][Prs.1Sg›2]	1.7526762559372897	48491	ng	n	g	1	lengelek	lengelek	elek	9	-1.978742375018633	lek	lenglek	lenglek	2	-2.6319548887939765	4.5	1.5040773967762742	TRUE	1Sg›2 (rajongalak)	228
rikolt	rikolt	[/V][Prs.NDef.2Sg]	0.39864483317197447	2146	lt	l	t	2	rikoltas	rikoltasz	as	3	-2.455863629738295	s	rikolts	rikoltsz	9	-1.978742375018633	0.3333333333333333	-1.0986122886681098	TRUE	2Sg (rajongasz)	438
ring	ring	[/V][Prs.NDef.2Pl]	1.9599496550527609	78151	ng	n	g	1	ringotok	ringotok	otok	1	-2.932984884457958	tok	ringtok	ringtok	9	-1.978742375018633	0.1111111111111111	-2.1972245773362196	TRUE	2Pl (rajongotok)	268
kong	kong	[/V][Prs.NDef.2Sg]	1.684612987091838	41457	ng	n	g	1	kongas	kongasz	as	1	-2.932984884457958	s	kongs	kongsz	8	-2.0298948974660145	0.125	-2.0794415416798357	TRUE	2Sg (rajongasz)	438
ráng	ráng	[/V][Prs.NDef.2Sg]	1.3527524056886966	19308	ng	n	g	1	rángas	rángasz	as	8	-2.0298948974660145	s	rángs	rángsz	3	-2.455863629738295	2.6666666666666665	0.9808292530117262	TRUE	2Sg (rajongasz)	438
villong	villong	[/V][Prs.NDef.3Pl]	-0.8685268952310394	116	ng	n	g	2	villonganak	villonganak	anak	8	-2.0298948974660145	nak	villongnak	villongnak	2	-2.6319548887939765	4	1.3862943611198906	TRUE	3Pl (rajonganak)	440
višong	visong	[/V][Prs.NDef.2Sg]	0.3176790350052857	1781	ng	n	g	2	višongas	visongasz	as	2	-2.6319548887939765	s	višongs	visongsz	8	-2.0298948974660145	0.25	-1.3862943611198906	TRUE	2Sg (rajongasz)	438
kárörvend	kárörvend	[/V][Prs.NDef.2Sg]	0.26622159470369994	1582	nd	n	d	3	kárörvendes	kárörvendesz	es	7	-2.087886844443701	s	kárörvends	kárörvendsz	2	-2.6319548887939765	3.5	1.252762968495368	TRUE	2Sg (rajongasz)	438
šerkent	serkent	[/V][Prs.1Sg›2]	2.050384267520748	96243	nt	n	t	2	šerkentelek	serkentelek	elek	7	-2.087886844443701	lek	šerkentlek	serkentlek	6	-2.1548336340743144	1.1666666666666667	0.15415067982725836	TRUE	1Sg›2 (rajongalak)	228
beleért	beleért	[/V][Prs.NDef.2Sg]	2.687566519794711	417399	rt	r	t	3	beleértes	beleértesz	es	6	-2.1548336340743144	s	beleérts	beleértsz	1	-2.932984884457958	6	1.791759469228055	TRUE	2Sg (rajongasz)	438
cuppant	cuppant	[/V][Prs.1Sg›2]	0.03080294288759742	920	nt	n	t	2	cuppantalak	cuppantalak	alak	2	-2.6319548887939765	lak	cuppantlak	cuppantlak	6	-2.1548336340743144	0.3333333333333333	-1.0986122886681098	TRUE	1Sg›2 (rajongalak)	228
ešeng	eseng	[/V][Prs.NDef.2Sg]	0.2304746673120323	1457	ng	n	g	2	ešenges	esengesz	es	6	-2.1548336340743144	s	ešengs	esengsz	5	-2.234014880121939	1.2	0.1823215567939546	TRUE	2Sg (rajongasz)	438
ing	ing	[/V][Prs.NDef.2Sg]	2.180008663585595	129716	ng	n	g	1	ingas	ingasz	as	6	-2.1548336340743144	s	ings	ingsz	1	-2.932984884457958	6	1.791759469228055	TRUE	2Sg (rajongasz)	438
vesejt	veszejt	[/V][Prs.1Sg›2]	0.22987810886396828	1455	jt	j	t	2	vesejtelek	veszejtelek	elek	6	-2.1548336340743144	lek	vesejtlek	veszejtlek	1	-2.932984884457958	6	1.791759469228055	TRUE	1Sg›2 (rajongalak)	228
ölt	ölt	[/V][Prs.1Sg›2]	2.2726768182003068	160569	lt	l	t	1	öltelek	öltelek	elek	6	-2.1548336340743144	lek	öltlek	öltlek	1	-2.932984884457958	6	1.791759469228055	TRUE	1Sg›2 (rajongalak)	228
kiált	kiált	[/V][Prs.1Sg›2]	2.355172642073583	194159	lt	l	t	2	kiáltalak	kiáltalak	alak	5	-2.234014880121939	lak	kiáltlak	kiáltlak	4	-2.3309248931299953	1.25	0.22314355131420976	TRUE	1Sg›2 (rajongalak)	228
tekint	tekint	[/V][Prs.NDef.2Pl]	3.253129436802632	1535021	nt	n	t	2	tekintetek	tekintetek	etek	5	-2.234014880121939	tek	tekinttek	tekinttek	3	-2.455863629738295	1.6666666666666667	0.5108256237659907	TRUE	2Pl (rajongotok)	268
žong	zsong	[/V][Prs.NDef.2Sg]	0.9725411639770906	8045	ng	n	g	1	žongas	zsongasz	as	3	-2.455863629738295	s	žongs	zsongsz	5	-2.234014880121939	0.6	-0.5108256237659907	TRUE	2Sg (rajongasz)	438
čavarint	csavarint	[/V][Prs.NDef.2Sg]	-0.01970098269753937	819	nt	n	t	3	čavarintas	csavarintasz	as	4	-2.3309248931299953	s	čavarints	csavarintsz	1	-2.932984884457958	4	1.3862943611198906	TRUE	2Sg (rajongasz)	438
megrettent	megrettent	[/V][Prs.NDef.2Pl]	0.09599282075082018	1069	nt	n	t	3	megrettentetek	megrettentetek	etek	4	-2.3309248931299953	tek	megrettenttek	megrettenttek	3	-2.455863629738295	1.3333333333333333	0.28768207245178085	TRUE	2Pl (rajongotok)	268
ront	ront	[/V][Prs.1Sg›2]	2.498256616638663	269924	nt	n	t	1	rontalak	rontalak	alak	3	-2.455863629738295	lak	rontlak	rontlak	4	-2.3309248931299953	0.75	-0.2876820724517809	TRUE	1Sg›2 (rajongalak)	228
dong	dong	[/V][Prs.NDef.2Sg]	0.9073721747453984	6924	ng	n	g	1	dongas	dongasz	as	1	-2.932984884457958	s	dongs	dongsz	3	-2.455863629738295	0.3333333333333333	-1.0986122886681098	TRUE	2Sg (rajongasz)	438
fold	fold	[/V][Prs.1Sg›2]	1.3591603833561636	19595	ld	l	d	1	foldalak	foldalak	alak	3	-2.455863629738295	lak	foldlak	foldlak	1	-2.932984884457958	3	1.0986122886681098	TRUE	1Sg›2 (rajongalak)	228
küzd	küzd	[/V][Prs.1Sg›2]	2.8842471998392543	656496	zd	z	d	1	küzdelek	küzdelek	elek	3	-2.455863629738295	lek	küzdlek	küzdlek	1	-2.932984884457958	3	1.0986122886681098	TRUE	1Sg›2 (rajongalak)	228
megdöbbent	megdöbbent	[/V][Prs.1Sg›2]	1.3803971731201916	20577	nt	n	t	3	megdöbbentelek	megdöbbentelek	elek	3	-2.455863629738295	lek	megdöbbentlek	megdöbbentlek	1	-2.932984884457958	3	1.0986122886681098	TRUE	1Sg›2 (rajongalak)	228
reng	reng	[/V][Prs.NDef.2Sg]	1.2320515955366076	14623	ng	n	g	1	renges	rengesz	es	3	-2.455863629738295	s	rengs	rengsz	3	-2.455863629738295	1	0	TRUE	2Sg (rajongasz)	438
salajt	szalajt	[/V][Prs.NDef.2Sg]	0.31938263000194106	1788	jt	j	t	2	salajtas	szalajtasz	as	3	-2.455863629738295	s	salajts	szalajtsz	2	-2.6319548887939765	1.5	0.4054651081081644	TRUE	2Sg (rajongasz)	438
tapint	tapint	[/V][Prs.1Sg›2]	1.2683849248851644	15899	nt	n	t	2	tapintalak	tapintalak	alak	3	-2.455863629738295	lak	tapintlak	tapintlak	2	-2.6319548887939765	1.5	0.4054651081081644	TRUE	1Sg›2 (rajongalak)	228
teng	teng	[/V][Prs.NDef.2Sg]	1.0082283031273636	8734	ng	n	g	1	tenges	tengesz	es	3	-2.455863629738295	s	tengs	tengsz	3	-2.455863629738295	1	0	TRUE	2Sg (rajongasz)	438
kering	kering	[/V][Prs.1Sg›2]	1.9960046439135095	84916	ng	n	g	2	keringelek	keringelek	elek	1	-2.932984884457958	lek	keringlek	keringlek	2	-2.6319548887939765	0.5	-0.6931471805599453	TRUE	1Sg›2 (rajongalak)	228
kong	kong	[/V][Prs.NDef.2Pl]	1.684612987091838	41457	ng	n	g	1	kongotok	kongotok	otok	2	-2.6319548887939765	tok	kongtok	kongtok	1	-2.932984884457958	2	0.6931471805599453	TRUE	2Pl (rajongotok)	268
meghökkent	meghökkent	[/V][Prs.NDef.2Sg]	0.7318450566851327	4622	nt	n	t	3	meghökkentes	meghökkentesz	es	2	-2.6319548887939765	s	meghökkents	meghökkentsz	2	-2.6319548887939765	1	0	TRUE	2Sg (rajongasz)	438
rettent	rettent	[/V][Prs.1Sg›2]	0.951243885174646	7660	nt	n	t	2	rettentelek	rettentelek	elek	2	-2.6319548887939765	lek	rettentlek	rettentlek	2	-2.6319548887939765	1	0	TRUE	1Sg›2 (rajongalak)	228
šetteng	setteng	[/V][Prs.NDef.3Pl]	-0.9645019359040228	93	ng	n	g	2	šettengenek	settengenek	enek	2	-2.6319548887939765	nek	šettengnek	settengnek	2	-2.6319548887939765	1	0	TRUE	3Pl (rajonganak)	440
šóhajt	sóhajt	[/V][Prs.1Sg›2]	1.812815728087108	55693	jt	j	t	2	šóhajtalak	sóhajtalak	alak	1	-2.932984884457958	lak	šóhajtlak	sóhajtlak	2	-2.6319548887939765	0.5	-0.6931471805599453	TRUE	1Sg›2 (rajongalak)	228
fejt	fejt	[/V][Prs.1Sg›2]	2.4782289537346416	257759	jt	j	t	1	fejtelek	fejtelek	elek	1	-2.932984884457958	lek	fejtlek	fejtlek	1	-2.932984884457958	1	0	TRUE	1Sg›2 (rajongalak)	228
függest	függeszt	[/V][Prs.1Sg›2]	1.769359473897811	50390	st	s	t	2	függestelek	függesztelek	elek	1	-2.932984884457958	lek	függestlek	függesztlek	1	-2.932984884457958	1	0	TRUE	1Sg›2 (rajongalak)	228
marast	maraszt	[/V][Prs.1Sg›2]	0.00951922171012292	876	st	s	t	2	marastalak	marasztalak	alak	1	-2.932984884457958	lak	marastlak	marasztlak	1	-2.932984884457958	1	0	TRUE	1Sg›2 (rajongalak)	228
pang	pang	[/V][Prs.NDef.2Sg]	0.8573002795752839	6170	ng	n	g	1	pangas	pangasz	as	1	-2.932984884457958	s	pangs	pangsz	1	-2.932984884457958	1	0	TRUE	2Sg (rajongasz)	438
pillant	pillant	[/V][Prs.1Sg›2]	2.0275762625908595	91319	nt	n	t	2	pillantalak	pillantalak	alak	1	-2.932984884457958	lak	pillantlak	pillantlak	1	-2.932984884457958	1	0	TRUE	1Sg›2 (rajongalak)	228
rajong	rajong	[/V][Prs.1Sg›2]	2.0252970219361894	90841	ng	n	g	2	rajongalak	rajongalak	alak	1	-2.932984884457958	lak	rajonglak	rajonglak	1	-2.932984884457958	1	0	TRUE	1Sg›2 (rajongalak)	228
rikkant	rikkant	[/V][Prs.NDef.2Sg]	0.4522637979452621	2428	nt	n	t	2	rikkantas	rikkantasz	as	1	-2.932984884457958	s	rikkants	rikkantsz	1	-2.932984884457958	1	0	TRUE	2Sg (rajongasz)	438
