lemma	lemma_orth	xpostag	llfpm10	lemma_freq	coda	c1	c2	lemma_syl_count	class	form_v	form_v_orth	suffix_v	freq_v	lfpm10v	suffix_nv	form_nv	form_nv_orth	freq_nv	lfpm10nv	odds_v	lo_v	varies	tag	tag_freq_in_dataset	category	form
mond	mond	[/V][Prs.NDef.2Sg]	4.129447533832242	11546023	nd	n	d	1	cc	mondas	mondasz	as	39605	1.6647651331678863	s	monds	mondsz	407	-0.3233904752327378	97.30958230958232	4.577897466455785	TRUE	Prs.NDef.2Sg (mondas)	3816	test	monds
örvend	örvend	[/V][Prs.NDef.3Pl]	2.1193126646506104	112797	nd	n	d	2	cc	örvendenek	örvendenek	enek	18970	1.3450824464307047	nek	örvendnek	örvendnek	691	-0.09350683708375944	27.452966714905937	3.31247423916139	TRUE	Prs.NDef.3Pl (mondanak)	4830	test	örvendnek
kering	kering	[/V][Prs.NDef.3Pl]	1.9960046439135095	84916	ng	n	g	2	cc	keringenek	keringenek	enek	15387	1.254169069327458	nek	keringnek	keringnek	532	-0.20707325216290967	28.922932330827063	3.3646347867157336	TRUE	Prs.NDef.3Pl (mondanak)	4830	test	keringnek
rajong	rajong	[/V][Prs.NDef.3Pl]	2.0252970219361894	90841	ng	n	g	2	cc	rajonganak	rajonganak	anak	13803	1.2069886035265007	nak	rajongnak	rajongnak	309	-0.4430264050331232	44.66990291262136	3.7992999619258327	TRUE	Prs.NDef.3Pl (mondanak)	4830	test	rajongnak
kösönt	köszönt	[/V][Prs.1Sg›2]	2.6232584999815622	359951	nt	n	t	2	cc	kösöntelek	köszöntelek	elek	11057	1.1106524251346128	lek	kösöntlek	köszöntlek	549	-0.1934125400078659	20.140255009107467	3.0027205490328712	TRUE	Prs.1Sg›2 (mondalak)	1583	test	kösöntlek
veršeng	verseng	[/V][Prs.NDef.3Pl]	1.673041590197379	40367	ng	n	g	2	cc	veršengenek	versengenek	enek	9319	1.0363844272755696	nek	veršengnek	versengnek	327	-0.4184371317976717	28.498470948012233	3.349850434888402	TRUE	Prs.NDef.3Pl (mondanak)	4830	test	veršengnek
ért	ért	[/V][Prs.1Sg›2]	3.4293511043012694	2303223	rt	r	t	1	cc	értelek	értelek	elek	7233	0.9263335806391584	lek	értlek	értlek	128	-0.8257749148100895	56.5078125	4.034378902929664	TRUE	Prs.1Sg›2 (mondalak)	1583	test	értlek
tekint	tekint	[/V][Prs.NDef.2Sg]	3.253129436802632	1535021	nt	n	t	2	cc	tekintes	tekintesz	es	6947	0.9088124144163976	s	tekints	tekintsz	63	-1.133644335004376	110.26984126984128	4.702930464301348	TRUE	Prs.NDef.2Sg (mondas)	3816	test	tekints
tart	tart	[/V][Prs.1Sg›2]	3.987109835917599	8319452	rt	r	t	1	cc	tartalak	tartalak	alak	5730	0.8251697375094321	lak	tartlak	tartlak	91	-0.9739434921368644	62.96703296703296	4.142611303191935	TRUE	Prs.1Sg›2 (mondalak)	1583	test	tartlak
čeng	cseng	[/V][Prs.NDef.3Pl]	1.8314154384984305	58130	ng	n	g	1	cc	čengenek	csengenek	enek	4808	0.7489795745367253	nek	čengnek	csengnek	560	-0.18479685745175745	8.585714285714285	2.1500996924858486	TRUE	Prs.NDef.3Pl (mondanak)	4830	test	čengnek
hord	hord	[/V][Prs.NDef.2Sg]	2.5559590570874056	308279	rd	r	d	1	cc	hordas	hordasz	as	4467	0.7170310680138807	s	hords	hordsz	62	-1.140593194959704	72.04838709677419	4.277337936307027	TRUE	Prs.NDef.2Sg (mondas)	3816	test	hords
tolong	tolong	[/V][Prs.NDef.3Pl]	1.2105607427804643	13917	ng	n	g	2	cc	tolonganak	tolonganak	anak	4170	0.6871511705157997	nak	tolongnak	tolongnak	316	-0.433297801839554	13.19620253164557	2.579929101205935	TRUE	Prs.NDef.3Pl (mondanak)	4830	test	tolongnak
megért	megért	[/V][Prs.1Sg›2]	2.9406855700837777	747602	rt	r	t	2	cc	megértelek	megértelek	elek	3786	0.6451957251698202	lek	megértlek	megértlek	36	-1.3766823836906703	105.16666666666669	4.655546393313158	TRUE	Prs.1Sg›2 (mondalak)	1583	test	megértlek
áld	áld	[/V][Prs.1Sg›2]	1.9847463785340496	82743	ld	l	d	1	cc	áldalak	áldalak	alak	3776	0.6440471011680735	lak	áldlak	áldlak	203	-0.6254888465447449	18.600985221674875	2.923214548223604	TRUE	Prs.1Sg›2 (mondalak)	1583	test	áldlak
ságuld	száguld	[/V][Prs.NDef.3Pl]	1.6960677532704322	42565	ld	l	d	2	cc	ságuldanak	száguldanak	anak	3516	0.6130639819437764	nak	ságuldnak	száguldnak	32	-1.427834906138052	109.875	4.6993433560053415	TRUE	Prs.NDef.3Pl (mondanak)	4830	test	ságuldnak
rajong	rajong	[/V][Prs.NDef.2Sg]	2.0252970219361894	90841	ng	n	g	2	cc	rajongas	rajongasz	as	202	-0.627633515011334	s	rajongs	rajongsz	3314	0.5873676196253601	0.06095353047676524	-2.7976435005853033	TRUE	Prs.NDef.2Sg (mondas)	3816	test	rajongs
sorong	szorong	[/V][Prs.NDef.3Pl]	1.6523630266366331	38490	ng	n	g	2	cc	soronganak	szoronganak	anak	3148	0.5650498392290692	nak	sorongnak	szorongnak	255	-0.5264447040240027	12.345098039215689	2.5132590643788677	TRUE	Prs.NDef.3Pl (mondanak)	4830	test	sorongnak
veršeng	verseng	[/V][Prs.NDef.2Pl]	1.673041590197379	40367	ng	n	g	2	cc	veršengetek	versengetek	etek	34	-1.4015059674157029	tek	veršengtek	versengtek	3139	0.5638064312420846	0.01083147499203568	-4.525299032225792	TRUE	Prs.NDef.2Pl (mondotok)	3155	test	veršengtek
ṉújt	nyújt	[/V][Prs.NDef.2Sg]	3.490448433130639	2651144	jt	j	t	1	cc	ṉújtas	nyújtasz	as	3112	0.5600547038596935	s	ṉújts	nyújtsz	53	-1.2087090148571689	58.716981132075475	4.0727289717461606	TRUE	Prs.NDef.2Sg (mondas)	3816	test	ṉújts
árt	árt	[/V][Prs.NDef.2Sg]	2.658968559291343	390799	rt	r	t	1	cc	ártas	ártasz	as	2962	0.5386001697272318	s	árts	ártsz	46	-1.2702270527763837	64.3913043478261	4.164978598338649	TRUE	Prs.NDef.2Sg (mondas)	3816	test	árts
ajánl	ajánl	[/V][Prs.NDef.2Sg]	3.322595137004172	1801275	nl	n	l	2	cc	ajánlas	ajánlasz	as	2948	0.536542594729056	s	ajánls	ajánlsz	111	-0.8876619056713004	26.55855855855856	3.2793520519968933	TRUE	Prs.NDef.2Sg (mondas)	3816	test	ajánls
bojong	bolyong	[/V][Prs.NDef.3Pl]	1.5543797744589725	30716	ng	n	g	2	cc	bojonganak	bolyonganak	anak	2855	0.522621228123909	nak	bojongnak	bolyongnak	273	-0.49682223741720183	10.457875457875458	2.347355326905151	TRUE	Prs.NDef.3Pl (mondanak)	4830	test	bojongnak
zeng	zeng	[/V][Prs.NDef.3Pl]	1.7743979085034178	50978	ng	n	g	1	cc	zengenek	zengenek	enek	2728	0.5028594815264835	nek	zengnek	zengnek	995	0.06483819628776764	2.741708542713568	1.00858128180476	TRUE	Prs.NDef.3Pl (mondanak)	4830	test	zengnek
örvend	örvend	[/V][Prs.NDef.2Pl]	2.1193126646506104	112797	nd	n	d	2	cc	örvendetek	örvendetek	etek	21	-1.6107655897240385	tek	örvendtek	örvendtek	2639	0.4884545057620919	0.00795755968169761	-4.833632898779901	TRUE	Prs.NDef.2Pl (mondotok)	3155	test	örvendtek
mond	mond	[/V][Prs.NDef.2Pl]	4.129447533832242	11546023	nd	n	d	1	cc	mondotok	mondotok	otok	1909	0.34782104393570895	tok	mondtok	mondtok	2410	0.44903215811691055	0.7921161825726141	-0.2330472027589531	TRUE	Prs.NDef.2Pl (mondotok)	3155	test	mondtok
küld	küld	[/V][Prs.1Sg›2]	3.329046184230405	1828231	ld	l	d	1	cc	küldelek	küldelek	elek	1871	0.33908890304205214	lek	küldlek	küldlek	68	-1.1004759717517214	27.514705882352946	3.314720621097983	TRUE	Prs.1Sg›2 (mondalak)	1583	test	küldlek
pillant	pillant	[/V][Prs.NDef.2Sg]	2.0275762625908595	91319	nt	n	t	2	cc	pillantas	pillantasz	as	1613	0.27464948293100366	s	pillants	pillantsz	22	-1.5905622036357516	73.31818181818181	4.294808624766893	TRUE	Prs.NDef.2Sg (mondas)	3816	test	pillants
felejt	felejt	[/V][Prs.NDef.2Sg]	2.6921814049054085	421858	jt	j	t	2	cc	felejtes	felejtesz	es	1564	0.2612518642658714	s	felejts	felejtsz	36	-1.3766823836906703	43.44444444444444	3.7714829826491463	TRUE	Prs.NDef.2Sg (mondas)	3816	test	felejts
jelent	jelent	[/V][Prs.NDef.2Sg]	3.848512349249592	6046405	nt	n	t	2	cc	jelentes	jelentesz	es	1524	0.25000008254562384	s	jelents	jelentsz	15	-1.756893625402277	101.6	4.6210435351443815	TRUE	Prs.NDef.2Sg (mondas)	3816	test	jelents
lézeng	lézeng	[/V][Prs.NDef.3Pl]	1.031557581621179	9216	ng	n	g	2	cc	lézengenek	lézengenek	enek	1404	0.21438222333582865	nek	lézengnek	lézengnek	73	-1.069662024337502	19.232876712328768	2.9566211434373653	TRUE	Prs.NDef.3Pl (mondanak)	4830	test	lézengnek
lappang	lappang	[/V][Prs.NDef.3Pl]	1.2723819034085184	16046	ng	n	g	2	cc	lappanganak	lappanganak	anak	1369	0.20341856367603217	nak	lappangnak	lappangnak	187	-0.6611432779214589	7.320855614973262	1.9907272084338623	TRUE	Prs.NDef.3Pl (mondanak)	4830	test	lappangnak
zeng	zeng	[/V][Prs.NDef.2Pl]	1.7743979085034178	50978	ng	n	g	1	cc	zengetek	zengetek	etek	12	-1.853803638410333	tek	zengtek	zengtek	1349	0.1970270652139464	0.00889547813194959	-4.722212206419756	TRUE	Prs.NDef.2Pl (mondotok)	3155	test	zengtek
kong	kong	[/V][Prs.NDef.3Pl]	1.684612987091838	41457	ng	n	g	1	cc	konganak	konganak	anak	1304	0.18229270693794355	nak	kongnak	kongnak	305	-0.448685045111172	4.275409836065574	1.4528799658791869	TRUE	Prs.NDef.3Pl (mondanak)	4830	test	kongnak
töpreng	töpreng	[/V][Prs.NDef.3Pl]	1.6971377584013545	42670	ng	n	g	2	cc	töprengenek	töprengenek	enek	1241	0.16078689704077198	nek	töprengnek	töprengnek	32	-1.427834906138052	38.78125	3.657936882404881	TRUE	Prs.NDef.3Pl (mondanak)	4830	test	töprengnek
leng	leng	[/V][Prs.NDef.3Pl]	1.7526762559372897	48491	ng	n	g	1	cc	lengenek	lengenek	enek	1199	0.1458342986408908	nek	lengnek	lengnek	279	-0.48738068118436023	4.297491039426523	1.4580313732061487	TRUE	Prs.NDef.3Pl (mondanak)	4830	test	lengnek
sorong	szorong	[/V][Prs.NDef.2Sg]	1.6523630266366331	38490	ng	n	g	2	cc	sorongas	szorongasz	as	45	-1.279772370682614	s	sorongs	szorongsz	1184	0.14036681792894318	0.03800675675675676	-3.2699913256736313	TRUE	Prs.NDef.2Sg (mondas)	3816	test	sorongs
ront	ront	[/V][Prs.NDef.2Sg]	2.498256616638663	269924	nt	n	t	1	cc	rontas	rontasz	as	1174	0.13668321245363788	s	ronts	rontsz	9	-1.978742375018633	130.44444444444446	4.870947423051822	TRUE	Prs.NDef.2Sg (mondas)	3816	test	ronts
küld	küld	[/V][Prs.NDef.2Pl]	3.329046184230405	1828231	ld	l	d	1	cc	küldötök	küldötök	ötök	145	-0.771616882222983	tök	küldtök	küldtök	1155	0.12959709977020528	0.12554112554112554	-2.0751218805353195	TRUE	Prs.NDef.2Pl (mondotok)	3155	test	küldtök
čüng	csüng	[/V][Prs.NDef.3Pl]	1.166350393228	12570	ng	n	g	1	cc	čüngenek	csüngenek	enek	1121	0.11662072813701536	nek	čüngnek	csüngnek	773	-0.04480539053963291	1.4501940491591203	0.37169737448473794	TRUE	Prs.NDef.3Pl (mondanak)	4830	test	čüngnek
bánt	bánt	[/V][Prs.NDef.2Sg]	2.302654646830123	172044	nt	n	t	1	cc	bántas	bántasz	as	1065	0.09436472331679864	s	bánts	bántsz	21	-1.6107655897240385	50.714285714285715	3.9262076404201025	TRUE	Prs.NDef.2Sg (mondas)	3816	test	bánts
kiált	kiált	[/V][Prs.NDef.2Sg]	2.355172642073583	194159	lt	l	t	2	cc	kiáltas	kiáltasz	as	1024	0.0773150721818541	s	kiálts	kiáltsz	12	-1.853803638410333	85.33333333333333	4.446565155811452	TRUE	Prs.NDef.2Sg (mondas)	3816	test	kiálts
ujjong	ujjong	[/V][Prs.NDef.3Pl]	1.3958430545563227	21322	ng	n	g	2	cc	ujjonganak	ujjonganak	anak	950	0.04473872083088993	nak	ujjongnak	ujjongnak	118	-0.8611028771518324	8.05084745762712	2.085777360128922	TRUE	Prs.NDef.3Pl (mondanak)	4830	test	ujjongnak
fetreng	fetreng	[/V][Prs.NDef.3Pl]	1.1845515482523803	13108	ng	n	g	2	cc	fetrengenek	fetrengenek	enek	947	0.0433650945453156	nek	fetrengnek	fetrengnek	38	-1.3532012878411477	24.92105263157895	3.215712933459693	TRUE	Prs.NDef.3Pl (mondanak)	4830	test	fetrengnek
terjeng	terjeng	[/V][Prs.NDef.3Pl]	1.144782605924099	11961	ng	n	g	2	cc	terjengenek	terjengenek	enek	945	0.04244692405130512	nek	terjengnek	terjengnek	330	-0.4144709445800704	2.863636363636364	1.052092273033217	TRUE	Prs.NDef.3Pl (mondanak)	4830	test	terjengnek
int	int	[/V][Prs.1Sg›2]	2.329181328593249	182880	nt	n	t	1	cc	intelek	intelek	elek	896	0.0193231252041674	lek	intlek	intlek	114	-0.8760800331214852	7.859649122807017	2.061741964580435	TRUE	Prs.1Sg›2 (mondalak)	1583	test	intlek
šejt	sejt	[/V][Prs.NDef.2Sg]	2.9107709750098145	697840	jt	j	t	1	cc	šejtes	sejtesz	es	862	0.00252238136675494	s	šejts	sejtsz	41	-1.3202010277382223	21.02439024390244	3.0456832039593853	TRUE	Prs.NDef.2Sg (mondas)	3816	test	šejts
küzd	küzd	[/V][Prs.NDef.2Pl]	2.8842471998392543	656496	zd	z	d	1	cc	küzdötök	küzdötök	ötök	860	0.00151356678560985	tök	küzdtök	küzdtök	23	-1.571257048440365	37.391304347826086	3.621438173318403	TRUE	Prs.NDef.2Pl (mondotok)	3155	test	küzdtök
bánt	bánt	[/V][Prs.1Sg›2]	2.302654646830123	172044	nt	n	t	1	cc	bántalak	bántalak	alak	855	-0.00101876972978518	lak	bántlak	bántlak	178	-0.6825648821490639	4.803370786516854	1.569317918644675	TRUE	Prs.1Sg›2 (mondalak)	1583	test	bántlak
tátong	tátong	[/V][Prs.NDef.3Pl]	1.285314241427215	16531	ng	n	g	2	cc	tátonganak	tátonganak	anak	828	-0.0149545476730777	nak	tátongnak	tátongnak	324	-0.4224398742513457	2.5555555555555554	0.9382696385929302	TRUE	Prs.NDef.3Pl (mondanak)	4830	test	tátongnak
töpreng	töpreng	[/V][Prs.NDef.2Sg]	1.6971377584013545	42670	ng	n	g	2	cc	töprenges	töprengesz	es	88	-0.9885022123077892	s	töprengs	töprengsz	827	-0.01547937490541114	0.1064087061668682	-2.2404678805454847	TRUE	Prs.NDef.2Sg (mondas)	3816	test	töprengs
old	old	[/V][Prs.NDef.2Sg]	2.8249058973828483	572652	ld	l	d	1	cc	oldas	oldasz	as	825	-0.01653093590803274	s	olds	oldsz	8	-2.0298948974660145	103.125	4.6359418446548455	TRUE	Prs.NDef.2Sg (mondas)	3816	test	olds
ḏújt	gyújt	[/V][Prs.NDef.2Sg]	2.117290442944573	112273	jt	j	t	1	cc	ḏújtas	gyújtasz	as	819	-0.01970098269753937	s	ḏújts	gyújtsz	7	-2.087886844443701	117	4.762173934797756	TRUE	Prs.NDef.2Sg (mondas)	3816	test	ḏújts
ejt	ejt	[/V][Prs.NDef.2Sg]	2.54627650321544	301482	jt	j	t	1	cc	ejtes	ejtesz	es	807	-0.0261113497358874	s	ejts	ejtsz	10	-1.9329848844579576	80.7	4.390738575275903	TRUE	Prs.NDef.2Sg (mondas)	3816	test	ejts
čeng	cseng	[/V][Prs.NDef.2Pl]	1.8314154384984305	58130	ng	n	g	1	cc	čengetek	csengetek	etek	220	-0.5905622036357516	tek	čengtek	csengtek	762	-0.05102991311835734	0.2887139107611549	-1.2423190093342846	TRUE	Prs.NDef.2Pl (mondotok)	3155	test	čengtek
őrjöng	őrjöng	[/V][Prs.NDef.3Pl]	1.1505535667721816	12121	ng	n	g	2	cc	őrjöngenek	őrjöngenek	enek	750	-0.05792362106625776	nek	őrjöngnek	őrjöngnek	110	-0.8915921992997328	6.818181818181818	1.91959284073794	TRUE	Prs.NDef.3Pl (mondanak)	4830	test	őrjöngnek
mond	mond	[/V][Prs.1Sg›2]	4.129447533832242	11546023	nd	n	d	1	cc	mondalak	mondalak	alak	740	-0.06375316472698163	lak	mondlak	mondlak	26	-1.5180115364871398	28.46153846153846	3.3485536481767335	TRUE	Prs.1Sg›2 (mondalak)	1583	test	mondlak
zajong	zajong	[/V][Prs.NDef.3Pl]	0.8742117762529894	6415	ng	n	g	2	cc	zajonganak	zajonganak	anak	689	-0.09476566255033204	nak	zajongnak	zajongnak	122	-0.8466250537832096	5.647540983606557	1.731220226280402	TRUE	Prs.NDef.3Pl (mondanak)	4830	test	zajongnak
dühöng	dühöng	[/V][Prs.NDef.3Pl]	1.3723234834061857	20198	ng	n	g	2	cc	dühöngenek	dühöngenek	enek	649	-0.12074018765758858	nek	dühöngnek	dühöngnek	155	-0.7426531862876663	4.187096774193549	1.4320075997848434	TRUE	Prs.NDef.3Pl (mondanak)	4830	test	dühöngnek
dereng	dereng	[/V][Prs.NDef.3Pl]	1.2369245574431114	14788	ng	n	g	2	cc	derengenek	derengenek	enek	617	-0.14269972042471618	nek	derengnek	derengnek	76	-1.0521712921771664	8.118421052631579	2.094135683619057	TRUE	Prs.NDef.3Pl (mondanak)	4830	test	derengnek
čapong	csapong	[/V][Prs.NDef.3Pl]	0.9335977926055912	7355	ng	n	g	2	cc	čaponganak	csaponganak	anak	592	-0.16066317773503802	nak	čapongnak	csapongnak	165	-0.7155009402440515	3.587878787878788	1.277561160983425	TRUE	Prs.NDef.3Pl (mondanak)	4830	test	čapongnak
int	int	[/V][Prs.NDef.2Sg]	2.329181328593249	182880	nt	n	t	1	cc	intes	intesz	es	576	-0.1725624010347458	s	ints	intsz	15	-1.756893625402277	38.4	3.648057459593681	TRUE	Prs.NDef.2Sg (mondas)	3816	test	ints
félt	félt	[/V][Prs.1Sg›2]	2.065662355068752	99689	lt	l	t	1	cc	féltelek	féltelek	elek	560	-0.18479685745175745	lek	féltlek	féltlek	46	-1.2702270527763837	12.173913043478262	2.4992953872401	TRUE	Prs.1Sg›2 (mondalak)	1583	test	féltlek
ring	ring	[/V][Prs.NDef.3Pl]	1.9599496550527609	78151	ng	n	g	1	cc	ringanak	ringanak	anak	557	-0.1871296892842289	nak	ringnak	ringnak	164	-0.71814103641026	3.3963414634146343	1.2226988121030855	TRUE	Prs.NDef.3Pl (mondanak)	4830	test	ringnak
leng	leng	[/V][Prs.NDef.2Pl]	1.7526762559372897	48491	ng	n	g	1	cc	lengetek	lengetek	etek	183	-0.6705337947275284	tek	lengtek	lengtek	554	-0.18947511972952813	0.3303249097472924	-1.107678533905863	TRUE	Prs.NDef.2Pl (mondotok)	3155	test	lengtek
töpreng	töpreng	[/V][Prs.NDef.2Pl]	1.6971377584013545	42670	ng	n	g	2	cc	töprengetek	töprengetek	etek	6	-2.1548336340743144	tek	töprengtek	töprengtek	524	-0.21365359747423115	0.01145038167938931	-4.4697322150929875	TRUE	Prs.NDef.2Pl (mondotok)	3155	test	töprengtek
áld	áld	[/V][Prs.NDef.3Pl]	1.9847463785340496	82743	ld	l	d	1	cc	áldanak	áldanak	anak	519	-0.21781752660949996	nak	áldnak	áldnak	14	-1.7868568487797198	37.07142857142857	3.61284655355063	TRUE	Prs.NDef.3Pl (mondanak)	4830	test	áldnak
üvölt	üvölt	[/V][Prs.NDef.2Sg]	1.8333164000862288	58385	lt	l	t	2	cc	üvöltes	üvöltesz	es	494	-0.2392579355343109	s	üvölts	üvöltsz	8	-2.0298948974660145	61.75	4.123093975508087	TRUE	Prs.NDef.2Sg (mondas)	3816	test	üvölts
fetreng	fetreng	[/V][Prs.NDef.2Pl]	1.1845515482523803	13108	ng	n	g	2	cc	fetrengetek	fetrengetek	etek	10	-1.9329848844579576	tek	fetrengtek	fetrengtek	482	-0.2499378462191083	0.02074688796680498	-3.8753590210565543	TRUE	Prs.NDef.2Pl (mondotok)	3155	test	fetrengtek
hajlong	hajlong	[/V][Prs.NDef.3Pl]	0.787339832959484	5252	ng	n	g	2	cc	hajlonganak	hajlonganak	anak	480	-0.2517436470823706	nak	hajlongnak	hajlongnak	146	-0.7686320286735208	3.287671232876712	1.1901794821936	TRUE	Prs.NDef.3Pl (mondanak)	4830	test	hajlongnak
felejt	felejt	[/V][Prs.1Sg›2]	2.6921814049054085	421858	jt	j	t	2	cc	felejtelek	felejtelek	elek	476	-0.25537793173746465	lek	felejtlek	felejtlek	89	-0.983594877813045	5.348314606741573	1.67678148449928	TRUE	Prs.1Sg›2 (mondalak)	1583	test	felejtlek
šért	sért	[/V][Prs.NDef.2Sg]	2.445578344004525	239091	rt	r	t	1	cc	šértes	sértesz	es	475	-0.2562912748330913	s	šérts	sértsz	6	-2.1548336340743144	79.16666666666667	4.371555334806586	TRUE	Prs.NDef.2Sg (mondas)	3816	test	šérts
fárast	fáraszt	[/V][Prs.1Sg›2]	1.459131449358052	24667	st	s	t	2	cc	fárastalak	fárasztalak	alak	473	-0.2581237437201463	lak	fárastlak	fárasztlak	13	-1.819041532151121	36.38461538461539	3.5941460310303963	TRUE	Prs.1Sg›2 (mondalak)	1583	test	fárastlak
žong	zsong	[/V][Prs.NDef.3Pl]	0.9725411639770906	8045	ng	n	g	1	cc	žonganak	zsonganak	anak	470	-0.2608870265222404	nak	žongnak	zsongnak	273	-0.49682223741720183	1.7216117216117215	0.5432608995191446	TRUE	Prs.NDef.3Pl (mondanak)	4830	test	žongnak
feseng	feszeng	[/V][Prs.NDef.3Pl]	1.1022046244504902	10844	ng	n	g	2	cc	fesengenek	feszengenek	enek	452	-0.2778464496465757	nek	fesengnek	feszengnek	145	-0.771616882222983	3.117241379310345	1.1369484374116567	TRUE	Prs.NDef.3Pl (mondanak)	4830	test	fesengnek
ellentmond	ellentmond	[/V][Prs.NDef.2Sg]	1.8501894968434336	60698	nd	n	d	3	cc	ellentmondas	ellentmondasz	as	438	-0.29151077395385827	s	ellentmonds	ellentmondsz	12	-1.853803638410333	36.5	3.597312260588446	TRUE	Prs.NDef.2Sg (mondas)	3816	test	ellentmonds
óhajt	óhajt	[/V][Prs.NDef.2Sg]	1.6797460062903842	40995	jt	j	t	2	cc	óhajtas	óhajtasz	as	423	-0.30664451708291546	s	óhajts	óhajtsz	30	-1.4558636297382954	14.1	2.6461747973841225	TRUE	Prs.NDef.2Sg (mondas)	3816	test	óhajts
mereng	mereng	[/V][Prs.NDef.3Pl]	1.2914445773647398	16766	ng	n	g	2	cc	merengenek	merengenek	enek	421	-0.30870278862228956	nek	merengnek	merengnek	80	-1.0298948974660145	5.2625	1.6606061990085	TRUE	Prs.NDef.3Pl (mondanak)	4830	test	merengnek
lázong	lázong	[/V][Prs.NDef.3Pl]	0.478803120085911	2581	ng	n	g	2	cc	lázonganak	lázonganak	anak	404	-0.3266035193473528	nak	lázongnak	lázongnak	27	-1.5016211202989704	14.962962962962964	2.705578011956821	TRUE	Prs.NDef.3Pl (mondanak)	4830	test	lázongnak
hőzöng	hőzöng	[/V][Prs.NDef.3Pl]	0.5271609330337924	2885	ng	n	g	2	cc	hőzöngenek	hőzöngenek	enek	402	-0.32875883137348777	nek	hőzöngnek	hőzöngnek	20	-1.6319548887939763	20.1	3.0007198150650303	TRUE	Prs.NDef.3Pl (mondanak)	4830	test	hőzöngnek
bojong	bolyong	[/V][Prs.NDef.2Sg]	1.5543797744589725	30716	ng	n	g	2	cc	bojongas	bolyongasz	as	58	-1.169556890895021	s	bojongs	bolyongsz	376	-0.3577970395302968	0.15425531914893617	-1.869146132843475	TRUE	Prs.NDef.2Sg (mondas)	3816	test	bojongs
ságuld	száguld	[/V][Prs.NDef.2Sg]	1.6960677532704322	42565	ld	l	d	2	cc	ságuldas	száguldasz	as	369	-0.3659585182988975	s	ságulds	száguldsz	3	-2.455863629738295	123	4.812184355372417	TRUE	Prs.NDef.2Sg (mondas)	3816	test	ságulds
kezd	kezd	[/V][Prs.1Sg›2]	3.772113864625659	5071060	zd	z	d	1	cc	kezdelek	kezdelek	elek	368	-0.36713706578444016	lek	kezdlek	kezdlek	23	-1.571257048440365	16	2.772588722239781	TRUE	Prs.1Sg›2 (mondalak)	1583	test	kezdlek
šóhajt	sóhajt	[/V][Prs.NDef.2Sg]	1.812815728087108	55693	jt	j	t	2	cc	šóhajtas	sóhajtasz	as	352	-0.3864422209798268	s	šóhajts	sóhajtsz	13	-1.819041532151121	27.076923076923077	3.2986818181365605	TRUE	Prs.NDef.2Sg (mondas)	3816	test	šóhajts
šért	sért	[/V][Prs.1Sg›2]	2.445578344004525	239091	rt	r	t	1	cc	šértelek	sértelek	elek	319	-0.4291942014007767	lek	šértlek	sértlek	19	-1.654231283505129	16.789473684210527	2.820752123618404	TRUE	Prs.1Sg›2 (mondalak)	1583	test	šértlek
mereng	mereng	[/V][Prs.NDef.2Sg]	1.2914445773647398	16766	ng	n	g	2	cc	merenges	merengesz	es	12	-1.853803638410333	s	merengs	merengsz	307	-0.4458465089807714	0.03908794788273615	-3.241941097799197	TRUE	Prs.NDef.2Sg (mondas)	3816	test	merengs
dühöng	dühöng	[/V][Prs.NDef.2Sg]	1.3723234834061857	20198	ng	n	g	2	cc	dühönges	dühöngesz	es	27	-1.5016211202989704	s	dühöngs	dühöngsz	303	-0.4515422559556528	0.0891089108910891	-2.41789593950504	TRUE	Prs.NDef.2Sg (mondas)	3816	test	dühöngs
rajong	rajong	[/V][Prs.NDef.2Pl]	2.0252970219361894	90841	ng	n	g	2	cc	rajongotok	rajongotok	otok	32	-1.427834906138052	tok	rajongtok	rajongtok	298	-0.4587686203817026	0.10738255033557048	-2.231357583705678	TRUE	Prs.NDef.2Pl (mondotok)	3155	test	rajongtok
feseng	feszeng	[/V][Prs.NDef.2Pl]	1.1022046244504902	10844	ng	n	g	2	cc	fesengetek	feszengetek	etek	2	-2.6319548887939765	tek	fesengtek	feszengtek	289	-0.47208704170141	0.00692041522491349	-4.973279507552487	TRUE	Prs.NDef.2Pl (mondotok)	3155	test	fesengtek
hord	hord	[/V][Prs.NDef.2Pl]	2.5559590570874056	308279	rd	r	d	1	cc	hordotok	hordotok	otok	94	-0.9598570308582592	tok	hordtok	hordtok	279	-0.48738068118436023	0.33691756272401435	-1.0879169995513618	TRUE	Prs.NDef.2Pl (mondotok)	3155	test	hordtok
feseng	feszeng	[/V][Prs.NDef.2Sg]	1.1022046244504902	10844	ng	n	g	2	cc	fesenges	feszengesz	es	30	-1.4558636297382954	s	fesengs	feszengsz	259	-0.519685120376706	0.11583011583011583	-2.1556306800373823	TRUE	Prs.NDef.2Sg (mondas)	3816	test	fesengs
pang	pang	[/V][Prs.NDef.3Pl]	0.8573002795752839	6170	ng	n	g	1	cc	panganak	panganak	anak	258	-0.5213651784947277	nak	pangnak	pangnak	34	-1.4015059674157029	7.588235294117647	2.026599060305456	TRUE	Prs.NDef.3Pl (mondanak)	4830	test	pangnak
tekint	tekint	[/V][Prs.1Sg›2]	3.253129436802632	1535021	nt	n	t	2	cc	tekintelek	tekintelek	elek	239	-0.5545869835098202	lek	tekintlek	tekintlek	20	-1.6319548887939763	11.95	2.4807312783775197	TRUE	Prs.1Sg›2 (mondalak)	1583	test	tekintlek
čapong	csapong	[/V][Prs.NDef.2Sg]	0.9335977926055912	7355	ng	n	g	2	cc	čapongas	csapongasz	as	6	-2.1548336340743144	s	čapongs	csapongsz	224	-0.5827368661237949	0.02678571428571428	-3.619886582626985	TRUE	Prs.NDef.2Sg (mondas)	3816	test	čapongs
teng	teng	[/V][Prs.NDef.3Pl]	1.0082283031273636	8734	ng	n	g	1	cc	tengenek	tengenek	enek	206	-0.6191176640888044	nek	tengnek	tengnek	68	-1.1004759717517214	3.0294117647058822	1.1083684636134743	TRUE	Prs.NDef.3Pl (mondanak)	4830	test	tengnek
forrong	forrong	[/V][Prs.NDef.3Pl]	0.7458975302127779	4774	ng	n	g	2	cc	forronganak	forronganak	anak	205	-0.6212310234022035	nak	forrongnak	forrongnak	155	-0.7426531862876663	1.3225806451612905	0.2795848622191615	TRUE	Prs.NDef.3Pl (mondanak)	4830	test	forrongnak
ránt	ránt	[/V][Prs.NDef.2Sg]	2.1327815031647908	116350	nt	n	t	1	cc	rántas	rántasz	as	205	-0.6212310234022035	s	ránts	rántsz	10	-1.9329848844579576	20.5	3.0204248861443626	TRUE	Prs.NDef.2Sg (mondas)	3816	test	ránts
tüssent	tüsszent	[/V][Prs.NDef.2Sg]	0.8046847428986841	5466	nt	n	t	2	cc	tüssentes	tüsszentesz	es	197	-0.6385186582963649	s	tüssents	tüsszentsz	4	-2.3309248931299953	49.25	3.8969093676180977	TRUE	Prs.NDef.2Sg (mondas)	3816	test	tüssents
fetreng	fetreng	[/V][Prs.NDef.2Sg]	1.1845515482523803	13108	ng	n	g	2	cc	fetrenges	fetrengesz	es	43	-1.2995164288783714	s	fetrengs	fetrengsz	195	-0.6429502730954398	0.2205128205128205	-1.5117994428701844	TRUE	Prs.NDef.2Sg (mondas)	3816	test	fetrengs
döng	döng	[/V][Prs.NDef.3Pl]	0.5861865793637012	3305	ng	n	g	1	cc	döngenek	döngenek	enek	192	-0.6496836557544082	nek	döngnek	döngnek	57	-1.1771100287854663	3.3684210526315788	1.2144441041932312	TRUE	Prs.NDef.3Pl (mondanak)	4830	test	döngnek
borzong	borzong	[/V][Prs.NDef.3Pl]	1.0175746771538423	8924	ng	n	g	2	cc	borzonganak	borzonganak	anak	185	-0.6658131560549441	nak	borzongnak	borzongnak	24	-1.552773642746352	7.708333333333333	2.042301994730379	TRUE	Prs.NDef.3Pl (mondanak)	4830	test	borzongnak
örvend	örvend	[/V][Prs.NDef.2Sg]	2.1193126646506104	112797	nd	n	d	2	cc	örvendes	örvendesz	es	184	-0.6681670614484213	s	örvends	örvendsz	72	-1.0756523880266893	2.5555555555555554	0.9382696385929302	TRUE	Prs.NDef.2Sg (mondas)	3816	test	örvends
kereng	kereng	[/V][Prs.NDef.3Pl]	0.4808176323113937	2593	ng	n	g	2	cc	kerengenek	kerengenek	enek	175	-0.6899468357716634	nek	kerengnek	kerengnek	155	-0.7426531862876663	1.1290322580645162	0.12136085700426752	TRUE	Prs.NDef.3Pl (mondanak)	4830	test	kerengnek
višong	visong	[/V][Prs.NDef.3Pl]	0.3176790350052857	1781	ng	n	g	2	cc	višonganak	visonganak	anak	173	-0.6949387813291624	nak	višongnak	visongnak	17	-1.702535963079684	10.176470588235292	2.3200782504415627	TRUE	Prs.NDef.3Pl (mondanak)	4830	test	višongnak
dong	dong	[/V][Prs.NDef.3Pl]	0.9073721747453984	6924	ng	n	g	1	cc	donganak	donganak	anak	135	-0.8026511159629518	nak	dongnak	dongnak	164	-0.71814103641026	0.823170731707317	-0.19459164938576903	TRUE	Prs.NDef.3Pl (mondanak)	4830	test	dongnak
told	told	[/V][Prs.NDef.3Pl]	1.2461933447518363	15107	ld	l	d	1	cc	toldanak	toldanak	anak	158	-0.7343277975035353	nak	toldnak	toldnak	3	-2.455863629738295	52.666666666666664	3.963982744358857	TRUE	Prs.NDef.3Pl (mondanak)	4830	test	toldnak
ing	ing	[/V][Prs.NDef.3Pl]	2.180008663585595	129716	ng	n	g	1	cc	inganak	inganak	anak	153	-0.748293453640359	nak	ingnak	ingnak	63	-1.133644335004376	2.4285714285714284	0.8873031950009027	TRUE	Prs.NDef.3Pl (mondanak)	4830	test	ingnak
erest	ereszt	[/V][Prs.1Sg›2]	2.0182700425231386	89383	st	s	t	2	cc	erestelek	eresztelek	elek	150	-0.7568936254022766	lek	erestlek	eresztlek	127	-0.829181163502001	1.1811023622047243	0.16644820763766438	TRUE	Prs.1Sg›2 (mondalak)	1583	test	erestlek
žibong	zsibong	[/V][Prs.NDef.3Pl]	0.3890275541244426	2099	ng	n	g	2	cc	žibonganak	zsibonganak	anak	146	-0.7686320286735208	nak	žibongnak	zsibongnak	81	-1.024499865579308	1.8024691358024691	0.5891574670358977	TRUE	Prs.NDef.3Pl (mondanak)	4830	test	žibongnak
čelleng	cselleng	[/V][Prs.NDef.3Pl]	0.30781388665937337	1741	ng	n	g	2	cc	čellengenek	csellengenek	enek	145	-0.771616882222983	nek	čellengnek	csellengnek	61	-1.1476550494471909	2.377049180327869	0.8658598782472632	TRUE	Prs.NDef.3Pl (mondanak)	4830	test	čellengnek
olt	olt	[/V][Prs.NDef.2Sg]	2.01363438478017	88434	lt	l	t	1	cc	oltas	oltasz	as	143	-0.777648846992896	s	olts	oltsz	2	-2.6319548887939765	71.5	4.269697449699962	TRUE	Prs.NDef.2Sg (mondas)	3816	test	olts
tilt	tilt	[/V][Prs.1Sg›2]	2.4688841658205796	252272	lt	l	t	1	cc	tiltalak	tiltalak	alak	132	-0.812410953252108	lak	tiltlak	tiltlak	12	-1.853803638410333	11	2.3978952727983707	TRUE	Prs.1Sg›2 (mondalak)	1583	test	tiltlak
sippant	szippant	[/V][Prs.NDef.2Sg]	1.4127220368204705	22167	nt	n	t	2	cc	sippantas	szippantasz	as	130	-0.8190415321511211	s	sippants	szippantsz	1	-2.932984884457958	130	4.867534450455582	TRUE	Prs.NDef.2Sg (mondas)	3816	test	sippants
jajong	jajong	[/V][Prs.NDef.3Pl]	0.38214543272564394	2066	ng	n	g	2	cc	jajonganak	jajonganak	anak	129	-0.8223951741587089	nak	jajongnak	jajongnak	63	-1.133644335004376	2.047619047619047	0.7166776779701394	TRUE	Prs.NDef.3Pl (mondanak)	4830	test	jajongnak
végrehajt	végrehajt	[/V][Prs.NDef.2Sg]	2.3635815912942486	197955	jt	j	t	3	cc	végrehajtas	végrehajtasz	as	128	-0.8257749148100895	s	végrehajts	végrehajtsz	1	-2.932984884457958	128	4.852030263919617	TRUE	Prs.NDef.2Sg (mondas)	3816	test	végrehajts
ment	ment	[/V][Prs.1Sg›2]	2.6656885548669886	396893	nt	n	t	1	cc	mentelek	mentelek	elek	121	-0.8501995141415077	lek	mentlek	mentlek	2	-2.6319548887939765	60.5	4.102643365036796	TRUE	Prs.1Sg›2 (mondalak)	1583	test	mentlek
kíšért	kísért	[/V][Prs.NDef.2Sg]	1.5551849523789012	30773	rt	r	t	2	cc	kíšértes	kísértesz	es	118	-0.8611028771518324	s	kíšérts	kísértsz	2	-2.6319548887939765	59	4.07753744390572	TRUE	Prs.NDef.2Sg (mondas)	3816	test	kíšérts
érint	érint	[/V][Prs.1Sg›2]	3.006391077264476	869713	nt	n	t	2	cc	érintelek	érintelek	elek	115	-0.8722870441043462	lek	érintlek	érintlek	13	-1.819041532151121	8.846153846153847	2.1799827709017134	TRUE	Prs.1Sg›2 (mondalak)	1583	test	érintlek
šújt	sújt	[/V][Prs.NDef.2Sg]	2.2020777650972594	136478	jt	j	t	1	cc	šújtas	sújtasz	as	113	-0.8799064409745381	s	šújts	sújtsz	2	-2.6319548887939765	56.5	4.034240638152395	TRUE	Prs.NDef.2Sg (mondas)	3816	test	šújts
mereng	mereng	[/V][Prs.NDef.2Pl]	1.2914445773647398	16766	ng	n	g	2	cc	merengetek	merengetek	etek	1	-2.932984884457958	tek	merengtek	merengtek	112	-0.8837668617877762	0.00892857142857142	-4.718498871295094	TRUE	Prs.NDef.2Pl (mondotok)	3155	test	merengtek
čüng	csüng	[/V][Prs.NDef.2Sg]	1.166350393228	12570	ng	n	g	1	cc	čünges	csüngesz	es	12	-1.853803638410333	s	čüngs	csüngsz	110	-0.8915921992997328	0.10909090909090909	-2.215573716004416	TRUE	Prs.NDef.2Sg (mondas)	3816	test	čüngs
füllent	füllent	[/V][Prs.NDef.2Sg]	0.6628418926152654	3943	nt	n	t	2	cc	füllentes	füllentesz	es	109	-0.8955583865173342	s	füllents	füllentsz	2	-2.6319548887939765	54.5	3.9982007016691985	TRUE	Prs.NDef.2Sg (mondas)	3816	test	füllents
bossant	bosszant	[/V][Prs.NDef.2Sg]	1.6866614018736934	41653	nt	n	t	2	cc	bossantas	bosszantasz	as	108	-0.8995611289710082	s	bossants	bosszantsz	1	-2.932984884457958	108	4.68213122712422	TRUE	Prs.NDef.2Sg (mondas)	3816	test	bossants
pussant	pusszant	[/V][Prs.1Sg›2]	-0.4766188513289148	286	nt	n	t	2	cc	pussantalak	pusszantalak	alak	107	-0.9036011067727482	lak	pussantlak	pusszantlak	60	-1.1548336340743142	1.7833333333333334	0.5784842722398056	TRUE	Prs.1Sg›2 (mondalak)	1583	test	pussantlak
árast	áraszt	[/V][Prs.1Sg›2]	2.0384301389270374	93630	st	s	t	2	cc	árastalak	árasztalak	alak	107	-0.9036011067727482	lak	árastlak	árasztlak	3	-2.455863629738295	35.666666666666664	3.574216545793796	TRUE	Prs.1Sg›2 (mondalak)	1583	test	árastlak
hint	hint	[/V][Prs.NDef.2Sg]	1.5869611793795713	33109	nt	n	t	1	cc	hintes	hintesz	es	102	-0.9243847126960404	s	hints	hintsz	2	-2.6319548887939765	51	3.9318256327243257	TRUE	Prs.NDef.2Sg (mondas)	3816	test	hints
rejt	rejt	[/V][Prs.1Sg›2]	2.5010631926907587	271674	jt	j	t	1	cc	rejtelek	rejtelek	elek	102	-0.9243847126960404	lek	rejtlek	rejtlek	4	-2.3309248931299953	25.5	3.2386784521643803	TRUE	Prs.1Sg›2 (mondalak)	1583	test	rejtlek
tölt	tölt	[/V][Prs.1Sg›2]	3.4380290110614276	2349708	lt	l	t	1	cc	töltelek	töltelek	elek	101	-0.9286635106753152	lek	töltlek	töltlek	1	-2.932984884457958	101	4.61512051684126	TRUE	Prs.1Sg›2 (mondalak)	1583	test	töltlek
sállong	szállong	[/V][Prs.NDef.3Pl]	0.08321246905448124	1038	ng	n	g	2	cc	sállonganak	szállonganak	anak	100	-0.9329848844579578	nak	sállongnak	szállongnak	53	-1.2087090148571689	1.8867924528301887	0.6348782724359695	TRUE	Prs.NDef.3Pl (mondanak)	4830	test	sállongnak
ömleng	ömleng	[/V][Prs.NDef.3Pl]	0.2612518642658714	1564	ng	n	g	2	cc	ömlengenek	ömlengenek	enek	100	-0.9329848844579578	nek	ömlengnek	ömlengnek	7	-2.087886844443701	14.285714285714286	2.659260036932778	TRUE	Prs.NDef.3Pl (mondanak)	4830	test	ömlengnek
reng	reng	[/V][Prs.NDef.3Pl]	1.2320515955366076	14623	ng	n	g	1	cc	rengenek	rengenek	enek	97	-0.946213150191713	nek	rengnek	rengnek	24	-1.552773642746352	4.041666666666667	1.3966571481554373	TRUE	Prs.NDef.3Pl (mondanak)	4830	test	rengnek
kíšért	kísért	[/V][Prs.1Sg›2]	1.5551849523789012	30773	rt	r	t	2	cc	kíšértelek	kísértelek	elek	93	-0.9645019359040228	lek	kíšértlek	kísértlek	1	-2.932984884457958	93	4.532599493153256	TRUE	Prs.1Sg›2 (mondalak)	1583	test	kíšértlek
veršeng	verseng	[/V][Prs.NDef.2Sg]	1.673041590197379	40367	ng	n	g	2	cc	veršenges	versengesz	es	15	-1.756893625402277	s	veršengs	versengsz	92	-0.9691970571124026	0.16304347826086957	-1.8137383759468304	TRUE	Prs.NDef.2Sg (mondas)	3816	test	veršengs
borzong	borzong	[/V][Prs.NDef.2Sg]	1.0175746771538423	8924	ng	n	g	2	cc	borzongas	borzongasz	as	5	-2.234014880121939	s	borzongs	borzongsz	85	-1.0035659587436652	0.0588235294117647	-2.833213344056216	TRUE	Prs.NDef.2Sg (mondas)	3816	test	borzongs
kérd	kérd	[/V][Prs.1Sg›2]	1.9986204382455903	85429	rd	r	d	1	cc	kérdelek	kérdelek	elek	85	-1.0035659587436652	lek	kérdlek	kérdlek	43	-1.2995164288783714	1.9767441860465116	0.6814511407967541	TRUE	Prs.1Sg›2 (mondalak)	1583	test	kérdlek
peng	peng	[/V][Prs.NDef.3Pl]	0.8837865278753886	6558	ng	n	g	1	cc	pengenek	pengenek	enek	84	-1.0087055983960762	nek	pengnek	pengnek	41	-1.3202010277382223	2.048780487804878	0.7172447321390059	TRUE	Prs.NDef.3Pl (mondanak)	4830	test	pengnek
ujjong	ujjong	[/V][Prs.NDef.2Sg]	1.3958430545563227	21322	ng	n	g	2	cc	ujjongas	ujjongasz	as	10	-1.9329848844579576	s	ujjongs	ujjongsz	83	-1.0139067920818838	0.12048192771084336	-2.1162555148025524	TRUE	Prs.NDef.2Sg (mondas)	3816	test	ujjongs
őrjöng	őrjöng	[/V][Prs.NDef.2Sg]	1.1505535667721816	12121	ng	n	g	2	cc	őrjönges	őrjöngesz	es	11	-1.8915921992997329	s	őrjöngs	őrjöngsz	82	-1.019171032074241	0.13414634146341464	-2.0088239744658827	TRUE	Prs.NDef.2Sg (mondas)	3816	test	őrjöngs
peng	peng	[/V][Prs.NDef.2Pl]	0.8837865278753886	6558	ng	n	g	1	cc	pengetek	pengetek	etek	81	-1.024499865579308	tek	pengtek	pengtek	40	-1.3309248931299955	2.025	0.7055697005585024	TRUE	Prs.NDef.2Pl (mondotok)	3155	test	pengtek
ráng	ráng	[/V][Prs.NDef.3Pl]	1.3527524056886966	19308	ng	n	g	1	cc	ránganak	ránganak	anak	80	-1.0298948974660145	nak	rángnak	rángnak	20	-1.6319548887939763	4	1.3862943611198906	TRUE	Prs.NDef.3Pl (mondanak)	4830	test	rángnak
kérd	kérd	[/V][Prs.NDef.2Sg]	1.9986204382455903	85429	rd	r	d	1	cc	kérdes	kérdesz	es	79	-1.0353577931675164	s	kérds	kérdsz	2	-2.6319548887939765	39.5	3.676300671907076	TRUE	Prs.NDef.2Sg (mondas)	3816	test	kérds
megšért	megsért	[/V][Prs.1Sg›2]	2.1871545349738746	131868	rt	r	t	2	cc	megšértelek	megsértelek	elek	79	-1.0353577931675164	lek	megšértlek	megsértlek	2	-2.6319548887939765	39.5	3.676300671907076	TRUE	Prs.1Sg›2 (mondalak)	1583	test	megšértlek
márt	márt	[/V][Prs.NDef.2Sg]	1.600189576284433	34133	rt	r	t	1	cc	mártas	mártasz	as	77	-1.046494159285476	s	márts	mártsz	1	-2.932984884457958	77	4.343805421853684	TRUE	Prs.NDef.2Sg (mondas)	3816	test	márts
ring	ring	[/V][Prs.NDef.2Sg]	1.9599496550527609	78151	ng	n	g	1	cc	ringas	ringasz	as	9	-1.978742375018633	s	rings	ringsz	77	-1.046494159285476	0.11688311688311688	-2.146580844517465	TRUE	Prs.NDef.2Sg (mondas)	3816	test	rings
kérd	kérd	[/V][Prs.NDef.3Pl]	1.9986204382455903	85429	rd	r	d	1	cc	kérdenek	kérdenek	enek	76	-1.0521712921771664	nek	kérdnek	kérdnek	65	-1.1200715278151023	1.1692307692307693	0.15634607039069404	TRUE	Prs.NDef.3Pl (mondanak)	4830	test	kérdnek
kering	kering	[/V][Prs.NDef.2Sg]	1.9960046439135095	84916	ng	n	g	2	cc	keringes	keringesz	es	32	-1.427834906138052	s	kerings	keringsz	70	-1.087886844443701	0.45714285714285713	-0.7827593392496325	TRUE	Prs.NDef.2Sg (mondas)	3816	test	kerings
bojong	bolyong	[/V][Prs.NDef.2Pl]	1.5543797744589725	30716	ng	n	g	2	cc	bojongotok	bolyongotok	otok	1	-2.932984884457958	tok	bojongtok	bolyongtok	68	-1.1004759717517214	0.01470588235294117	-4.219507705176107	TRUE	Prs.NDef.2Pl (mondotok)	3155	test	bojongtok
kárörvend	kárörvend	[/V][Prs.NDef.3Pl]	0.26622159470369994	1582	nd	n	d	3	cc	kárörvendenek	kárörvendenek	enek	68	-1.1004759717517214	nek	kárörvendnek	kárörvendnek	9	-1.978742375018633	7.555555555555555	2.0222831278398874	TRUE	Prs.NDef.3Pl (mondanak)	4830	test	kárörvendnek
félreért	félreért	[/V][Prs.1Sg›2]	1.6781859130022172	40848	rt	r	t	3	cc	félreértelek	félreértelek	elek	67	-1.1069100817571311	lek	félreértlek	félreértlek	4	-2.3309248931299953	16.75	2.8183982582710754	TRUE	Prs.1Sg›2 (mondalak)	1583	test	félreértlek
borong	borong	[/V][Prs.NDef.3Pl]	0.4584795273811454	2463	ng	n	g	2	cc	boronganak	boronganak	anak	65	-1.1200715278151023	nak	borongnak	borongnak	36	-1.3766823836906703	1.8055555555555556	0.5908683314395271	TRUE	Prs.NDef.3Pl (mondanak)	4830	test	borongnak
čöng	csöng	[/V][Prs.NDef.3Pl]	0.7762002450922876	5119	ng	n	g	1	cc	čöngenek	csöngenek	enek	59	-1.1621328728158136	nek	čöngnek	csöngnek	7	-2.087886844443701	8.428571428571429	2.1316272948504063	TRUE	Prs.NDef.3Pl (mondanak)	4830	test	čöngnek
lejt	lejt	[/V][Prs.NDef.2Sg]	1.1958342577365526	13453	jt	j	t	1	cc	lejtes	lejtesz	es	59	-1.1621328728158136	s	lejts	lejtsz	24	-1.552773642746352	2.4583333333333335	0.8994836135577738	TRUE	Prs.NDef.2Sg (mondas)	3816	test	lejts
ődöng	ődöng	[/V][Prs.NDef.3Pl]	0.09150078324120914	1058	ng	n	g	2	cc	ődöngenek	ődöngenek	enek	54	-1.2005911246349894	nek	ődöngnek	ődöngnek	7	-2.087886844443701	7.714285714285714	2.043073897508961	TRUE	Prs.NDef.3Pl (mondanak)	4830	test	ődöngnek
hőzöng	hőzöng	[/V][Prs.NDef.2Sg]	0.5271609330337924	2885	ng	n	g	2	cc	hőzönges	hőzöngesz	es	6	-2.1548336340743144	s	hőzöngs	hőzöngsz	52	-1.2169815408231586	0.1153846153846154	-2.159484249353372	TRUE	Prs.NDef.2Sg (mondas)	3816	test	hőzöngs
zeng	zeng	[/V][Prs.NDef.2Sg]	1.7743979085034178	50978	ng	n	g	1	cc	zenges	zengesz	es	39	-1.3419202774314587	s	zengs	zengsz	52	-1.2169815408231586	0.75	-0.2876820724517809	TRUE	Prs.NDef.2Sg (mondas)	3816	test	zengs
ešeng	eseng	[/V][Prs.NDef.3Pl]	0.2304746673120323	1457	ng	n	g	2	cc	ešengenek	esengenek	enek	51	-1.2254147083600215	nek	ešengnek	esengnek	22	-1.5905622036357516	2.3181818181818183	0.84078317936601	TRUE	Prs.NDef.3Pl (mondanak)	4830	test	ešengnek
ejt	ejt	[/V][Prs.1Sg›2]	2.54627650321544	301482	jt	j	t	1	cc	ejtelek	ejtelek	elek	50	-1.234014880121939	lek	ejtlek	ejtlek	2	-2.6319548887939765	25	3.218875824868201	TRUE	Prs.1Sg›2 (mondalak)	1583	test	ejtlek
hord	hord	[/V][Prs.1Sg›2]	2.5559590570874056	308279	rd	r	d	1	cc	hordalak	hordalak	alak	50	-1.234014880121939	lak	hordlak	hordlak	13	-1.819041532151121	3.8461538461538463	1.3470736479666094	TRUE	Prs.1Sg›2 (mondalak)	1583	test	hordlak
ont	ont	[/V][Prs.NDef.2Sg]	1.7436264299947593	47491	nt	n	t	1	cc	ontas	ontasz	as	48	-1.2517436470823706	s	onts	ontsz	25	-1.5350448757859203	1.92	0.6523251860396901	TRUE	Prs.NDef.2Sg (mondas)	3816	test	onts
šikolt	sikolt	[/V][Prs.NDef.2Sg]	1.0121388856641615	8813	lt	l	t	2	cc	šikoltas	sikoltasz	as	48	-1.2517436470823706	s	šikolts	sikoltsz	4	-2.3309248931299953	12	2.4849066497880004	TRUE	Prs.NDef.2Sg (mondas)	3816	test	šikolts
fost	foszt	[/V][Prs.1Sg›2]	1.6726648740591443	40332	st	s	t	1	cc	fostalak	fosztalak	alak	47	-1.2608870265222405	lak	fostlak	fosztlak	1	-2.932984884457958	47	3.8501476017100584	TRUE	Prs.1Sg›2 (mondalak)	1583	test	fostlak
sorong	szorong	[/V][Prs.NDef.2Pl]	1.6523630266366331	38490	ng	n	g	2	cc	sorongotok	szorongotok	otok	2	-2.6319548887939765	tok	sorongtok	szorongtok	46	-1.2702270527763837	0.04347826086956521	-3.1354942159291497	TRUE	Prs.NDef.2Pl (mondotok)	3155	test	sorongtok
lézeng	lézeng	[/V][Prs.NDef.2Sg]	1.031557581621179	9216	ng	n	g	2	cc	lézenges	lézengesz	es	4	-2.3309248931299953	s	lézengs	lézengsz	45	-1.279772370682614	0.08888888888888889	-2.4203681286504293	TRUE	Prs.NDef.2Sg (mondas)	3816	test	lézengs
old	old	[/V][Prs.1Sg›2]	2.8249058973828483	572652	ld	l	d	1	cc	oldalak	oldalak	alak	29	-1.4705868865590015	lak	oldlak	oldlak	45	-1.279772370682614	0.6444444444444445	-0.4393666597838457	TRUE	Prs.1Sg›2 (mondalak)	1583	test	oldlak
tapast	tapaszt	[/V][Prs.1Sg›2]	1.133564654303976	11656	st	s	t	2	cc	tapastalak	tapasztalak	alak	44	-1.2895322079717704	lak	tapastlak	tapasztlak	1	-2.932984884457958	44	3.784189633918261	TRUE	Prs.1Sg›2 (mondalak)	1583	test	tapastlak
óhajt	óhajt	[/V][Prs.1Sg›2]	1.6797460062903842	40995	jt	j	t	2	cc	óhajtalak	óhajtalak	alak	33	-1.4144709445800705	lak	óhajtlak	óhajtlak	44	-1.2895322079717704	0.75	-0.2876820724517809	TRUE	Prs.1Sg›2 (mondalak)	1583	test	óhajtlak
bong	bong	[/V][Prs.NDef.3Pl]	0.4401111026207692	2361	ng	n	g	1	cc	bonganak	bonganak	anak	28	-1.4858268531157386	nak	bongnak	bongnak	43	-1.2995164288783714	0.6511627906976745	-0.4289956055183584	TRUE	Prs.NDef.3Pl (mondanak)	4830	test	bongnak
bossant	bosszant	[/V][Prs.1Sg›2]	1.6866614018736934	41653	nt	n	t	2	cc	bossantalak	bosszantalak	alak	43	-1.2995164288783714	lak	bossantlak	bosszantlak	7	-2.087886844443701	6.142857142857143	1.8152899666382492	TRUE	Prs.1Sg›2 (mondalak)	1583	test	bossantlak
šikong	sikong	[/V][Prs.NDef.3Pl]	0.00503421301825244	867	ng	n	g	2	cc	šikonganak	sikonganak	anak	42	-1.3097355940600577	nak	šikongnak	sikongnak	22	-1.5905622036357516	1.9090909090909092	0.6466271649250525	TRUE	Prs.NDef.3Pl (mondanak)	4830	test	šikongnak
fojt	fojt	[/V][Prs.1Sg›2]	1.5716626503360749	31963	jt	j	t	1	cc	fojtalak	fojtalak	alak	41	-1.3202010277382223	lak	fojtlak	fojtlak	6	-2.1548336340743144	6.833333333333333	1.9218125974762528	TRUE	Prs.1Sg›2 (mondalak)	1583	test	fojtlak
ijest	ijeszt	[/V][Prs.1Sg›2]	1.3020382750372657	17180	st	s	t	2	cc	ijestelek	ijesztelek	elek	41	-1.3202010277382223	lek	ijestlek	ijesztlek	7	-2.087886844443701	5.857142857142857	1.7676619176489945	TRUE	Prs.1Sg›2 (mondalak)	1583	test	ijestlek
búšong	búsong	[/V][Prs.NDef.3Pl]	0.03736199177213555	934	ng	n	g	2	cc	búšonganak	búsonganak	anak	39	-1.3419202774314587	nak	búšongnak	búsongnak	2	-2.6319548887939765	19.5	2.970414465569701	TRUE	Prs.NDef.3Pl (mondanak)	4830	test	búšongnak
kösönt	köszönt	[/V][Prs.NDef.2Sg]	2.6232584999815622	359951	nt	n	t	2	cc	kösöntes	köszöntesz	es	39	-1.3419202774314587	s	kösönts	köszöntsz	1	-2.932984884457958	39	3.6635616461296463	TRUE	Prs.NDef.2Sg (mondas)	3816	test	kösönts
zajong	zajong	[/V][Prs.NDef.2Pl]	0.8742117762529894	6415	ng	n	g	2	cc	zajongotok	zajongotok	otok	1	-2.932984884457958	tok	zajongtok	zajongtok	38	-1.3532012878411477	0.02631578947368421	-3.6375861597263857	TRUE	Prs.NDef.2Pl (mondotok)	3155	test	zajongtok
irt	irt	[/V][Prs.NDef.2Sg]	2.0216145648335377	90074	rt	r	t	1	cc	irtas	irtasz	as	37	-1.3647831603909628	s	irts	irtsz	2	-2.6319548887939765	18.5	2.917770732084279	TRUE	Prs.NDef.2Sg (mondas)	3816	test	irts
leng	leng	[/V][Prs.NDef.2Sg]	1.7526762559372897	48491	ng	n	g	1	cc	lenges	lengesz	es	8	-2.0298948974660145	s	lengs	lengsz	37	-1.3647831603909628	0.21621621621621623	-1.5314763709643884	TRUE	Prs.NDef.2Sg (mondas)	3816	test	lengs
hajlong	hajlong	[/V][Prs.NDef.2Sg]	0.787339832959484	5252	ng	n	g	2	cc	hajlongas	hajlongasz	as	18	-1.6777123793546518	s	hajlongs	hajlongsz	35	-1.388916840107682	0.5142857142857142	-0.6649763035932491	TRUE	Prs.NDef.2Sg (mondas)	3816	test	hajlongs
šújt	sújt	[/V][Prs.1Sg›2]	2.2020777650972594	136478	jt	j	t	1	cc	šújtalak	sújtalak	alak	34	-1.4015059674157029	lak	šújtlak	sújtlak	8	-2.0298948974660145	4.25	1.4469189829363254	TRUE	Prs.1Sg›2 (mondalak)	1583	test	šújtlak
jajong	jajong	[/V][Prs.NDef.2Sg]	0.38214543272564394	2066	ng	n	g	2	cc	jajongas	jajongasz	as	2	-2.6319548887939765	s	jajongs	jajongsz	33	-1.4144709445800705	0.06060606060606061	-2.803360380906535	TRUE	Prs.NDef.2Sg (mondas)	3816	test	jajongs
teng	teng	[/V][Prs.NDef.2Pl]	1.0082283031273636	8734	ng	n	g	1	cc	tengetek	tengetek	etek	3	-2.455863629738295	tek	tengtek	tengtek	33	-1.4144709445800705	0.09090909090909093	-2.3978952727983707	TRUE	Prs.NDef.2Pl (mondotok)	3155	test	tengtek
tolong	tolong	[/V][Prs.NDef.2Pl]	1.2105607427804643	13917	ng	n	g	2	cc	tolongotok	tolongotok	otok	1	-2.932984884457958	tok	tolongtok	tolongtok	33	-1.4144709445800705	0.0303030303030303	-3.49650756146648	TRUE	Prs.NDef.2Pl (mondotok)	3155	test	tolongtok
zajong	zajong	[/V][Prs.NDef.2Sg]	0.8742117762529894	6415	ng	n	g	2	cc	zajongas	zajongasz	as	2	-2.6319548887939765	s	zajongs	zajongsz	33	-1.4144709445800705	0.06060606060606061	-2.803360380906535	TRUE	Prs.NDef.2Sg (mondas)	3816	test	zajongs
ránt	ránt	[/V][Prs.1Sg›2]	2.1327815031647908	116350	nt	n	t	1	cc	rántalak	rántalak	alak	32	-1.427834906138052	lak	rántlak	rántlak	3	-2.455863629738295	10.666666666666666	2.367123614131617	TRUE	Prs.1Sg›2 (mondalak)	1583	test	rántlak
füṯṯent	füttyent	[/V][Prs.NDef.2Sg]	0.5728431493968784	3205	nt	n	t	2	cc	füṯṯentes	füttyentesz	es	31	-1.4416231906236852	s	füṯṯents	füttyentsz	1	-2.932984884457958	31	3.4339872044851463	TRUE	Prs.NDef.2Sg (mondas)	3816	test	füṯṯents
akast	akaszt	[/V][Prs.1Sg›2]	2.0187556513332554	89483	st	s	t	2	cc	akastalak	akasztalak	alak	30	-1.4558636297382954	lak	akastlak	akasztlak	1	-2.932984884457958	30	3.4011973816621555	TRUE	Prs.1Sg›2 (mondalak)	1583	test	akastlak
fešt	fest	[/V][Prs.1Sg›2]	2.6777795819372385	408098	št	š	t	1	cc	feštelek	festelek	elek	30	-1.4558636297382954	lek	feštlek	festlek	2	-2.6319548887939765	15	2.70805020110221	TRUE	Prs.1Sg›2 (mondalak)	1583	test	feštlek
hőzöng	hőzöng	[/V][Prs.NDef.2Pl]	0.5271609330337924	2885	ng	n	g	2	cc	hőzöngötök	hőzöngötök	ötök	1	-2.932984884457958	tök	hőzöngtök	hőzöngtök	30	-1.4558636297382954	0.03333333333333333	-3.4011973816621555	TRUE	Prs.NDef.2Pl (mondotok)	3155	test	hőzöngtök
kukkant	kukkant	[/V][Prs.NDef.2Sg]	0.995564582543706	8483	nt	n	t	2	cc	kukkantas	kukkantasz	as	30	-1.4558636297382954	s	kukkants	kukkantsz	1	-2.932984884457958	30	3.4011973816621555	TRUE	Prs.NDef.2Sg (mondas)	3816	test	kukkants
šejt	sejt	[/V][Prs.1Sg›2]	2.9107709750098145	697840	jt	j	t	1	cc	šejtelek	sejtelek	elek	30	-1.4558636297382954	lek	šejtlek	sejtlek	3	-2.455863629738295	10	2.302585092994046	TRUE	Prs.1Sg›2 (mondalak)	1583	test	šejtlek
ságuld	száguld	[/V][Prs.NDef.2Pl]	1.6960677532704322	42565	ld	l	d	2	cc	ságuldotok	száguldotok	otok	30	-1.4558636297382954	tok	ságuldtok	száguldtok	2	-2.6319548887939765	15	2.70805020110221	TRUE	Prs.NDef.2Pl (mondotok)	3155	test	ságuldtok
šuhint	suhint	[/V][Prs.NDef.2Sg]	0.7173226386739786	4470	nt	n	t	2	cc	šuhintas	suhintasz	as	29	-1.4705868865590015	s	šuhints	suhintsz	1	-2.932984884457958	29	3.367295829986474	TRUE	Prs.NDef.2Sg (mondas)	3816	test	šuhints
hajt	hajt	[/V][Prs.1Sg›2]	2.919594521957997	712163	jt	j	t	1	cc	hajtalak	hajtalak	alak	28	-1.4858268531157386	lak	hajtlak	hajtlak	3	-2.455863629738295	9.333333333333334	2.2335922215070942	TRUE	Prs.1Sg›2 (mondalak)	1583	test	hajtlak
forrong	forrong	[/V][Prs.NDef.2Sg]	0.7458975302127779	4774	ng	n	g	2	cc	forrongas	forrongasz	as	1	-2.932984884457958	s	forrongs	forrongsz	25	-1.5350448757859203	0.04	-3.218875824868201	TRUE	Prs.NDef.2Sg (mondas)	3816	test	forrongs
dönt	dönt	[/V][Prs.1Sg›2]	3.394476429170933	2125501	nt	n	t	1	cc	döntelek	döntelek	elek	24	-1.552773642746352	lek	döntlek	döntlek	7	-2.087886844443701	3.4285714285714284	1.2321436812926323	TRUE	Prs.1Sg›2 (mondalak)	1583	test	döntlek
vált	vált	[/V][Prs.1Sg›2]	3.138701646345799	1179469	lt	l	t	1	cc	váltalak	váltalak	alak	24	-1.552773642746352	lak	váltlak	váltlak	7	-2.087886844443701	3.4285714285714284	1.2321436812926323	TRUE	Prs.1Sg›2 (mondalak)	1583	test	váltlak
kárörvend	kárörvend	[/V][Prs.NDef.2Pl]	0.26622159470369994	1582	nd	n	d	3	cc	kárörvendetek	kárörvendetek	etek	1	-2.932984884457958	tek	kárörvendtek	kárörvendtek	23	-1.571257048440365	0.04347826086956521	-3.1354942159291497	TRUE	Prs.NDef.2Pl (mondotok)	3155	test	kárörvendtek
borong	borong	[/V][Prs.NDef.2Sg]	0.4584795273811454	2463	ng	n	g	2	cc	borongas	borongasz	as	7	-2.087886844443701	s	borongs	borongsz	22	-1.5905622036357516	0.3181818181818182	-1.1451323043030026	TRUE	Prs.NDef.2Sg (mondas)	3816	test	borongs
hullong	hullong	[/V][Prs.NDef.3Pl]	-0.6385186582963649	197	ng	n	g	2	cc	hullonganak	hullonganak	anak	20	-1.6319548887939763	nak	hullongnak	hullongnak	2	-2.6319548887939765	10	2.302585092994046	TRUE	Prs.NDef.3Pl (mondanak)	4830	test	hullongnak
lázong	lázong	[/V][Prs.NDef.2Sg]	0.478803120085911	2581	ng	n	g	2	cc	lázongas	lázongasz	as	4	-2.3309248931299953	s	lázongs	lázongsz	20	-1.6319548887939763	0.2	-1.6094379124341005	TRUE	Prs.NDef.2Sg (mondas)	3816	test	lázongs
tévest	téveszt	[/V][Prs.1Sg›2]	1.7844276275827178	52169	st	s	t	2	cc	tévestelek	tévesztelek	elek	20	-1.6319548887939763	lek	tévestlek	tévesztlek	4	-2.3309248931299953	5	1.6094379124341005	TRUE	Prs.1Sg›2 (mondalak)	1583	test	tévestlek
ömleng	ömleng	[/V][Prs.NDef.2Sg]	0.2612518642658714	1564	ng	n	g	2	cc	ömlenges	ömlengesz	es	4	-2.3309248931299953	s	ömlengs	ömlengsz	20	-1.6319548887939763	0.2	-1.6094379124341005	TRUE	Prs.NDef.2Sg (mondas)	3816	test	ömlengs
jelent	jelent	[/V][Prs.1Sg›2]	3.848512349249592	6046405	nt	n	t	2	cc	jelentelek	jelentelek	elek	19	-1.654231283505129	lek	jelentlek	jelentlek	5	-2.234014880121939	3.8	1.33500106673234	TRUE	Prs.1Sg›2 (mondalak)	1583	test	jelentlek
dühöng	dühöng	[/V][Prs.NDef.2Pl]	1.3723234834061857	20198	ng	n	g	2	cc	dühöngötök	dühöngötök	ötök	3	-2.455863629738295	tök	dühöngtök	dühöngtök	18	-1.6777123793546518	0.16666666666666666	-1.791759469228055	TRUE	Prs.NDef.2Pl (mondotok)	3155	test	dühöngtök
gerjest	gerjeszt	[/V][Prs.1Sg›2]	1.5671280377017365	31631	st	s	t	2	cc	gerjestelek	gerjesztelek	elek	18	-1.6777123793546518	lek	gerjestlek	gerjesztlek	1	-2.932984884457958	18	2.8903717578961645	TRUE	Prs.1Sg›2 (mondalak)	1583	test	gerjestlek
vest	veszt	[/V][Prs.1Sg›2]	2.6514582920249814	384099	st	s	t	1	cc	vestelek	vesztelek	elek	18	-1.6777123793546518	lek	vestlek	vesztlek	3	-2.455863629738295	6	1.791759469228055	TRUE	Prs.1Sg›2 (mondalak)	1583	test	vestlek
kelt	kelt	[/V][Prs.1Sg›2]	2.7981185534768014	538398	lt	l	t	1	cc	keltelek	keltelek	elek	17	-1.702535963079684	lek	keltlek	keltlek	1	-2.932984884457958	17	2.833213344056216	TRUE	Prs.1Sg›2 (mondalak)	1583	test	keltlek
riast	riaszt	[/V][Prs.1Sg›2]	1.8228823519462607	56999	st	s	t	2	cc	riastalak	riasztalak	alak	17	-1.702535963079684	lak	riastlak	riasztlak	9	-1.978742375018633	1.8888888888888888	0.6359887667199967	TRUE	Prs.1Sg›2 (mondalak)	1583	test	riastlak
tolong	tolong	[/V][Prs.NDef.2Sg]	1.2105607427804643	13917	ng	n	g	2	cc	tolongas	tolongasz	as	2	-2.6319548887939765	s	tolongs	tolongsz	16	-1.728864901802033	0.125	-2.0794415416798357	TRUE	Prs.NDef.2Sg (mondas)	3816	test	tolongs
áld	áld	[/V][Prs.NDef.2Pl]	1.9847463785340496	82743	ld	l	d	1	cc	áldotok	áldotok	otok	16	-1.728864901802033	tok	áldtok	áldtok	2	-2.6319548887939765	8	2.0794415416798357	TRUE	Prs.NDef.2Pl (mondotok)	3155	test	áldtok
állong	állong	[/V][Prs.NDef.3Pl]	-0.623354717032059	204	ng	n	g	2	cc	állonganak	állonganak	anak	15	-1.756893625402277	nak	állongnak	állongnak	7	-2.087886844443701	2.142857142857143	0.7621400520468967	TRUE	Prs.NDef.3Pl (mondanak)	4830	test	állongnak
ellentmond	ellentmond	[/V][Prs.NDef.2Pl]	1.8501894968434336	60698	nd	n	d	3	cc	ellentmondotok	ellentmondotok	otok	2	-2.6319548887939765	tok	ellentmondtok	ellentmondtok	14	-1.7868568487797198	0.14285714285714285	-1.9459101490553137	TRUE	Prs.NDef.2Pl (mondotok)	3155	test	ellentmondtok
füröst	füröszt	[/V][Prs.1Sg›2]	0.5572546007883294	3092	st	s	t	2	cc	füröstelek	fürösztelek	elek	14	-1.7868568487797198	lek	füröstlek	fürösztlek	3	-2.455863629738295	4.666666666666667	1.540445040947149	TRUE	Prs.1Sg›2 (mondalak)	1583	test	füröstlek
támast	támaszt	[/V][Prs.1Sg›2]	2.412676973025972	221647	st	s	t	2	cc	támastalak	támasztalak	alak	13	-1.819041532151121	lak	támastlak	támasztlak	1	-2.932984884457958	13	2.5649493574615367	TRUE	Prs.1Sg›2 (mondalak)	1583	test	támastlak
hint	hint	[/V][Prs.1Sg›2]	1.5869611793795713	33109	nt	n	t	1	cc	hintelek	hintelek	elek	11	-1.8915921992997329	lek	hintlek	hintlek	1	-2.932984884457958	11	2.3978952727983707	TRUE	Prs.1Sg›2 (mondalak)	1583	test	hintlek
sánt	szánt	[/V][Prs.1Sg›2]	2.6324130648880937	367619	nt	n	t	1	cc	sántalak	szántalak	alak	11	-1.8915921992997329	lak	sántlak	szántlak	3	-2.455863629738295	3.6666666666666665	1.2992829841302609	TRUE	Prs.1Sg›2 (mondalak)	1583	test	sántlak
önt	önt	[/V][Prs.1Sg›2]	2.628092636201345	363980	nt	n	t	1	cc	öntelek	öntelek	elek	11	-1.8915921992997329	lek	öntlek	öntlek	9	-1.978742375018633	1.2222222222222223	0.20067069546215124	TRUE	Prs.1Sg›2 (mondalak)	1583	test	öntlek
búšong	búsong	[/V][Prs.NDef.2Sg]	0.03736199177213555	934	ng	n	g	2	cc	búšongas	búsongasz	as	2	-2.6319548887939765	s	búšongs	búsongsz	10	-1.9329848844579576	0.2	-1.6094379124341005	TRUE	Prs.NDef.2Sg (mondas)	3816	test	búšongs
kereng	kereng	[/V][Prs.NDef.2Sg]	0.4808176323113937	2593	ng	n	g	2	cc	kerenges	kerengesz	es	2	-2.6319548887939765	s	kerengs	kerengsz	10	-1.9329848844579576	0.2	-1.6094379124341005	TRUE	Prs.NDef.2Sg (mondas)	3816	test	kerengs
kérd	kérd	[/V][Prs.NDef.2Pl]	1.9986204382455903	85429	rd	r	d	1	cc	kérdetek	kérdetek	etek	6	-2.1548336340743144	tek	kérdtek	kérdtek	10	-1.9329848844579576	0.6	-0.5108256237659907	TRUE	Prs.NDef.2Pl (mondotok)	3155	test	kérdtek
billent	billent	[/V][Prs.1Sg›2]	1.2721111631205262	16036	nt	n	t	2	cc	billentelek	billentelek	elek	9	-1.978742375018633	lek	billentlek	billentlek	1	-2.932984884457958	9	2.1972245773362196	TRUE	Prs.1Sg›2 (mondalak)	1583	test	billentlek
dülöng	dülöng	[/V][Prs.NDef.3Pl]	-0.627633515011334	202	ng	n	g	2	cc	dülöngenek	dülöngenek	enek	9	-1.978742375018633	nek	dülöngnek	dülöngnek	6	-2.1548336340743144	1.5	0.4054651081081644	TRUE	Prs.NDef.3Pl (mondanak)	4830	test	dülöngnek
firkant	firkant	[/V][Prs.NDef.2Sg]	0.35816187727392773	1955	nt	n	t	2	cc	firkantas	firkantasz	as	9	-1.978742375018633	s	firkants	firkantsz	1	-2.932984884457958	9	2.1972245773362196	TRUE	Prs.NDef.2Sg (mondas)	3816	test	firkants
leng	leng	[/V][Prs.1Sg›2]	1.7526762559372897	48491	ng	n	g	1	cc	lengelek	lengelek	elek	9	-1.978742375018633	lek	lenglek	lenglek	2	-2.6319548887939765	4.5	1.5040773967762742	TRUE	Prs.1Sg›2 (mondalak)	1583	test	lenglek
rikolt	rikolt	[/V][Prs.NDef.2Sg]	0.39864483317197447	2146	lt	l	t	2	cc	rikoltas	rikoltasz	as	3	-2.455863629738295	s	rikolts	rikoltsz	9	-1.978742375018633	0.3333333333333333	-1.0986122886681098	TRUE	Prs.NDef.2Sg (mondas)	3816	test	rikolts
ring	ring	[/V][Prs.NDef.2Pl]	1.9599496550527609	78151	ng	n	g	1	cc	ringotok	ringotok	otok	1	-2.932984884457958	tok	ringtok	ringtok	9	-1.978742375018633	0.1111111111111111	-2.1972245773362196	TRUE	Prs.NDef.2Pl (mondotok)	3155	test	ringtok
kong	kong	[/V][Prs.NDef.2Sg]	1.684612987091838	41457	ng	n	g	1	cc	kongas	kongasz	as	1	-2.932984884457958	s	kongs	kongsz	8	-2.0298948974660145	0.125	-2.0794415416798357	TRUE	Prs.NDef.2Sg (mondas)	3816	test	kongs
ráng	ráng	[/V][Prs.NDef.2Sg]	1.3527524056886966	19308	ng	n	g	1	cc	rángas	rángasz	as	8	-2.0298948974660145	s	rángs	rángsz	3	-2.455863629738295	2.6666666666666665	0.9808292530117262	TRUE	Prs.NDef.2Sg (mondas)	3816	test	rángs
villong	villong	[/V][Prs.NDef.3Pl]	-0.8685268952310394	116	ng	n	g	2	cc	villonganak	villonganak	anak	8	-2.0298948974660145	nak	villongnak	villongnak	2	-2.6319548887939765	4	1.3862943611198906	TRUE	Prs.NDef.3Pl (mondanak)	4830	test	villongnak
višong	visong	[/V][Prs.NDef.2Sg]	0.3176790350052857	1781	ng	n	g	2	cc	višongas	visongasz	as	2	-2.6319548887939765	s	višongs	visongsz	8	-2.0298948974660145	0.25	-1.3862943611198906	TRUE	Prs.NDef.2Sg (mondas)	3816	test	višongs
kárörvend	kárörvend	[/V][Prs.NDef.2Sg]	0.26622159470369994	1582	nd	n	d	3	cc	kárörvendes	kárörvendesz	es	7	-2.087886844443701	s	kárörvends	kárörvendsz	2	-2.6319548887939765	3.5	1.252762968495368	TRUE	Prs.NDef.2Sg (mondas)	3816	test	kárörvends
šerkent	serkent	[/V][Prs.1Sg›2]	2.050384267520748	96243	nt	n	t	2	cc	šerkentelek	serkentelek	elek	7	-2.087886844443701	lek	šerkentlek	serkentlek	6	-2.1548336340743144	1.1666666666666667	0.15415067982725836	TRUE	Prs.1Sg›2 (mondalak)	1583	test	šerkentlek
beleért	beleért	[/V][Prs.NDef.2Sg]	2.687566519794711	417399	rt	r	t	3	cc	beleértes	beleértesz	es	6	-2.1548336340743144	s	beleérts	beleértsz	1	-2.932984884457958	6	1.791759469228055	TRUE	Prs.NDef.2Sg (mondas)	3816	test	beleérts
cuppant	cuppant	[/V][Prs.1Sg›2]	0.03080294288759742	920	nt	n	t	2	cc	cuppantalak	cuppantalak	alak	2	-2.6319548887939765	lak	cuppantlak	cuppantlak	6	-2.1548336340743144	0.3333333333333333	-1.0986122886681098	TRUE	Prs.1Sg›2 (mondalak)	1583	test	cuppantlak
ešeng	eseng	[/V][Prs.NDef.2Sg]	0.2304746673120323	1457	ng	n	g	2	cc	ešenges	esengesz	es	6	-2.1548336340743144	s	ešengs	esengsz	5	-2.234014880121939	1.2	0.1823215567939546	TRUE	Prs.NDef.2Sg (mondas)	3816	test	ešengs
ing	ing	[/V][Prs.NDef.2Sg]	2.180008663585595	129716	ng	n	g	1	cc	ingas	ingasz	as	6	-2.1548336340743144	s	ings	ingsz	1	-2.932984884457958	6	1.791759469228055	TRUE	Prs.NDef.2Sg (mondas)	3816	test	ings
vesejt	veszejt	[/V][Prs.1Sg›2]	0.22987810886396828	1455	jt	j	t	2	cc	vesejtelek	veszejtelek	elek	6	-2.1548336340743144	lek	vesejtlek	veszejtlek	1	-2.932984884457958	6	1.791759469228055	TRUE	Prs.1Sg›2 (mondalak)	1583	test	vesejtlek
ölt	ölt	[/V][Prs.1Sg›2]	2.2726768182003068	160569	lt	l	t	1	cc	öltelek	öltelek	elek	6	-2.1548336340743144	lek	öltlek	öltlek	1	-2.932984884457958	6	1.791759469228055	TRUE	Prs.1Sg›2 (mondalak)	1583	test	öltlek
kiált	kiált	[/V][Prs.1Sg›2]	2.355172642073583	194159	lt	l	t	2	cc	kiáltalak	kiáltalak	alak	5	-2.234014880121939	lak	kiáltlak	kiáltlak	4	-2.3309248931299953	1.25	0.22314355131420976	TRUE	Prs.1Sg›2 (mondalak)	1583	test	kiáltlak
žong	zsong	[/V][Prs.NDef.2Sg]	0.9725411639770906	8045	ng	n	g	1	cc	žongas	zsongasz	as	3	-2.455863629738295	s	žongs	zsongsz	5	-2.234014880121939	0.6	-0.5108256237659907	TRUE	Prs.NDef.2Sg (mondas)	3816	test	žongs
čavarint	csavarint	[/V][Prs.NDef.2Sg]	-0.01970098269753937	819	nt	n	t	3	cc	čavarintas	csavarintasz	as	4	-2.3309248931299953	s	čavarints	csavarintsz	1	-2.932984884457958	4	1.3862943611198906	TRUE	Prs.NDef.2Sg (mondas)	3816	test	čavarints
ront	ront	[/V][Prs.1Sg›2]	2.498256616638663	269924	nt	n	t	1	cc	rontalak	rontalak	alak	3	-2.455863629738295	lak	rontlak	rontlak	4	-2.3309248931299953	0.75	-0.2876820724517809	TRUE	Prs.1Sg›2 (mondalak)	1583	test	rontlak
dong	dong	[/V][Prs.NDef.2Sg]	0.9073721747453984	6924	ng	n	g	1	cc	dongas	dongasz	as	1	-2.932984884457958	s	dongs	dongsz	3	-2.455863629738295	0.3333333333333333	-1.0986122886681098	TRUE	Prs.NDef.2Sg (mondas)	3816	test	dongs
fold	fold	[/V][Prs.1Sg›2]	1.3591603833561636	19595	ld	l	d	1	cc	foldalak	foldalak	alak	3	-2.455863629738295	lak	foldlak	foldlak	1	-2.932984884457958	3	1.0986122886681098	TRUE	Prs.1Sg›2 (mondalak)	1583	test	foldlak
küzd	küzd	[/V][Prs.1Sg›2]	2.8842471998392543	656496	zd	z	d	1	cc	küzdelek	küzdelek	elek	3	-2.455863629738295	lek	küzdlek	küzdlek	1	-2.932984884457958	3	1.0986122886681098	TRUE	Prs.1Sg›2 (mondalak)	1583	test	küzdlek
megdöbbent	megdöbbent	[/V][Prs.1Sg›2]	1.3803971731201916	20577	nt	n	t	3	cc	megdöbbentelek	megdöbbentelek	elek	3	-2.455863629738295	lek	megdöbbentlek	megdöbbentlek	1	-2.932984884457958	3	1.0986122886681098	TRUE	Prs.1Sg›2 (mondalak)	1583	test	megdöbbentlek
reng	reng	[/V][Prs.NDef.2Sg]	1.2320515955366076	14623	ng	n	g	1	cc	renges	rengesz	es	3	-2.455863629738295	s	rengs	rengsz	3	-2.455863629738295	1	0	TRUE	Prs.NDef.2Sg (mondas)	3816	test	rengs
salajt	szalajt	[/V][Prs.NDef.2Sg]	0.31938263000194106	1788	jt	j	t	2	cc	salajtas	szalajtasz	as	3	-2.455863629738295	s	salajts	szalajtsz	2	-2.6319548887939765	1.5	0.4054651081081644	TRUE	Prs.NDef.2Sg (mondas)	3816	test	salajts
tapint	tapint	[/V][Prs.1Sg›2]	1.2683849248851644	15899	nt	n	t	2	cc	tapintalak	tapintalak	alak	3	-2.455863629738295	lak	tapintlak	tapintlak	2	-2.6319548887939765	1.5	0.4054651081081644	TRUE	Prs.1Sg›2 (mondalak)	1583	test	tapintlak
teng	teng	[/V][Prs.NDef.2Sg]	1.0082283031273636	8734	ng	n	g	1	cc	tenges	tengesz	es	3	-2.455863629738295	s	tengs	tengsz	3	-2.455863629738295	1	0	TRUE	Prs.NDef.2Sg (mondas)	3816	test	tengs
kering	kering	[/V][Prs.1Sg›2]	1.9960046439135095	84916	ng	n	g	2	cc	keringelek	keringelek	elek	1	-2.932984884457958	lek	keringlek	keringlek	2	-2.6319548887939765	0.5	-0.6931471805599453	TRUE	Prs.1Sg›2 (mondalak)	1583	test	keringlek
kong	kong	[/V][Prs.NDef.2Pl]	1.684612987091838	41457	ng	n	g	1	cc	kongotok	kongotok	otok	2	-2.6319548887939765	tok	kongtok	kongtok	1	-2.932984884457958	2	0.6931471805599453	TRUE	Prs.NDef.2Pl (mondotok)	3155	test	kongtok
meghökkent	meghökkent	[/V][Prs.NDef.2Sg]	0.7318450566851327	4622	nt	n	t	3	cc	meghökkentes	meghökkentesz	es	2	-2.6319548887939765	s	meghökkents	meghökkentsz	2	-2.6319548887939765	1	0	TRUE	Prs.NDef.2Sg (mondas)	3816	test	meghökkents
rettent	rettent	[/V][Prs.1Sg›2]	0.951243885174646	7660	nt	n	t	2	cc	rettentelek	rettentelek	elek	2	-2.6319548887939765	lek	rettentlek	rettentlek	2	-2.6319548887939765	1	0	TRUE	Prs.1Sg›2 (mondalak)	1583	test	rettentlek
šetteng	setteng	[/V][Prs.NDef.3Pl]	-0.9645019359040228	93	ng	n	g	2	cc	šettengenek	settengenek	enek	2	-2.6319548887939765	nek	šettengnek	settengnek	2	-2.6319548887939765	1	0	TRUE	Prs.NDef.3Pl (mondanak)	4830	test	šettengnek
šóhajt	sóhajt	[/V][Prs.1Sg›2]	1.812815728087108	55693	jt	j	t	2	cc	šóhajtalak	sóhajtalak	alak	1	-2.932984884457958	lak	šóhajtlak	sóhajtlak	2	-2.6319548887939765	0.5	-0.6931471805599453	TRUE	Prs.1Sg›2 (mondalak)	1583	test	šóhajtlak
fejt	fejt	[/V][Prs.1Sg›2]	2.4782289537346416	257759	jt	j	t	1	cc	fejtelek	fejtelek	elek	1	-2.932984884457958	lek	fejtlek	fejtlek	1	-2.932984884457958	1	0	TRUE	Prs.1Sg›2 (mondalak)	1583	test	fejtlek
függest	függeszt	[/V][Prs.1Sg›2]	1.769359473897811	50390	st	s	t	2	cc	függestelek	függesztelek	elek	1	-2.932984884457958	lek	függestlek	függesztlek	1	-2.932984884457958	1	0	TRUE	Prs.1Sg›2 (mondalak)	1583	test	függestlek
marast	maraszt	[/V][Prs.1Sg›2]	0.00951922171012292	876	st	s	t	2	cc	marastalak	marasztalak	alak	1	-2.932984884457958	lak	marastlak	marasztlak	1	-2.932984884457958	1	0	TRUE	Prs.1Sg›2 (mondalak)	1583	test	marastlak
pang	pang	[/V][Prs.NDef.2Sg]	0.8573002795752839	6170	ng	n	g	1	cc	pangas	pangasz	as	1	-2.932984884457958	s	pangs	pangsz	1	-2.932984884457958	1	0	TRUE	Prs.NDef.2Sg (mondas)	3816	test	pangs
pillant	pillant	[/V][Prs.1Sg›2]	2.0275762625908595	91319	nt	n	t	2	cc	pillantalak	pillantalak	alak	1	-2.932984884457958	lak	pillantlak	pillantlak	1	-2.932984884457958	1	0	TRUE	Prs.1Sg›2 (mondalak)	1583	test	pillantlak
rajong	rajong	[/V][Prs.1Sg›2]	2.0252970219361894	90841	ng	n	g	2	cc	rajongalak	rajongalak	alak	1	-2.932984884457958	lak	rajonglak	rajonglak	1	-2.932984884457958	1	0	TRUE	Prs.1Sg›2 (mondalak)	1583	test	rajonglak
rikkant	rikkant	[/V][Prs.NDef.2Sg]	0.4522637979452621	2428	nt	n	t	2	cc	rikkantas	rikkantasz	as	1	-2.932984884457958	s	rikkants	rikkantsz	1	-2.932984884457958	1	0	TRUE	Prs.NDef.2Sg (mondas)	3816	test	rikkants
