segment1	segment2	similarity
a	a	1.0
a	á	0.417
a	e	0.37
a	é	0.194
a	i	0.182
a	í	0.114
a	o	0.379
a	ó	0.212
a	ö	0.162
a	ő	0.103
a	u	0.226
a	ú	0.152
a	ü	0.103
a	ű	0.075
a	p	0.033
a	b	0.03
a	f	0.067
a	v	0.074
a	m	0.034
a	t	0.026
a	d	0.023
a	s	0.054
a	z	0.05
a	c	0.026
a	n	0.028
a	l	0.065
a	r	0.065
a	ṯ	0.028
a	ḏ	0.024
a	š	0.054
a	ž	0.05
a	č	0.027
a	ṉ	0.028
a	j	0.067
a	k	0.08
a	g	0.074
a	h	0.095
á	a	0.417
á	á	1.0
á	e	0.194
á	é	0.37
á	i	0.114
á	í	0.182
á	o	0.212
á	ó	0.379
á	ö	0.103
á	ő	0.162
á	u	0.152
á	ú	0.226
á	ü	0.075
á	ű	0.103
á	p	0.033
á	b	0.03
á	f	0.067
á	v	0.074
á	m	0.034
á	t	0.026
á	d	0.023
á	s	0.054
á	z	0.05
á	c	0.026
á	n	0.028
á	l	0.065
á	r	0.065
á	ṯ	0.028
á	ḏ	0.024
á	š	0.054
á	ž	0.05
á	č	0.027
á	ṉ	0.028
á	j	0.067
á	k	0.08
á	g	0.074
á	h	0.095
e	a	0.37
e	á	0.194
e	e	1.0
e	é	0.429
e	i	0.4
e	í	0.235
e	o	0.162
e	ó	0.103
e	ö	0.353
e	ő	0.211
e	u	0.108
e	ú	0.079
e	ü	0.211
e	ű	0.15
e	p	0.03
e	b	0.028
e	f	0.061
e	v	0.067
e	m	0.031
e	t	0.05
e	d	0.044
e	s	0.105
e	z	0.098
e	c	0.05
e	n	0.053
e	l	0.125
e	r	0.125
e	ṯ	0.053
e	ḏ	0.045
e	š	0.105
e	ž	0.098
e	č	0.051
e	ṉ	0.053
e	j	0.129
e	k	0.034
e	g	0.032
e	h	0.083
é	a	0.194
é	á	0.37
é	e	0.429
é	é	1.0
é	i	0.235
é	í	0.4
é	o	0.103
é	ó	0.162
é	ö	0.211
é	ő	0.353
é	u	0.079
é	ú	0.108
é	ü	0.15
é	ű	0.211
é	p	0.03
é	b	0.028
é	f	0.061
é	v	0.067
é	m	0.031
é	t	0.05
é	d	0.044
é	s	0.105
é	z	0.098
é	c	0.05
é	n	0.053
é	l	0.125
é	r	0.125
é	ṯ	0.053
é	ḏ	0.045
é	š	0.105
é	ž	0.098
é	č	0.051
é	ṉ	0.053
é	j	0.129
é	k	0.034
é	g	0.032
é	h	0.083
i	a	0.182
i	á	0.114
i	e	0.4
i	é	0.235
i	i	1.0
i	í	0.419
i	o	0.154
i	ó	0.098
i	ö	0.333
i	ő	0.2
i	u	0.229
i	ú	0.132
i	ü	0.5
i	ű	0.263
i	p	0.029
i	b	0.026
i	f	0.057
i	v	0.062
i	m	0.029
i	t	0.048
i	d	0.043
i	s	0.1
i	z	0.093
i	c	0.048
i	n	0.05
i	l	0.118
i	r	0.118
i	ṯ	0.05
i	ḏ	0.043
i	š	0.1
i	ž	0.093
i	č	0.049
i	ṉ	0.05
i	j	0.121
i	k	0.032
i	g	0.03
i	h	0.077
í	a	0.114
í	á	0.182
í	e	0.235
í	é	0.4
í	i	0.419
í	í	1.0
í	o	0.098
í	ó	0.154
í	ö	0.2
í	ő	0.333
í	u	0.132
í	ú	0.229
í	ü	0.263
í	ű	0.5
í	p	0.029
í	b	0.026
í	f	0.057
í	v	0.062
í	m	0.029
í	t	0.048
í	d	0.043
í	s	0.1
í	z	0.093
í	c	0.048
í	n	0.05
í	l	0.118
í	r	0.118
í	ṯ	0.05
í	ḏ	0.043
í	š	0.1
í	ž	0.093
í	č	0.049
í	ṉ	0.05
í	j	0.121
í	k	0.032
í	g	0.03
í	h	0.077
o	a	0.379
o	á	0.212
o	e	0.162
o	é	0.103
o	i	0.154
o	í	0.098
o	o	1.0
o	ó	0.438
o	ö	0.4
o	ő	0.225
o	u	0.517
o	ú	0.294
o	ü	0.256
o	ű	0.167
o	p	0.057
o	b	0.053
o	f	0.118
o	v	0.129
o	m	0.059
o	t	0.023
o	d	0.02
o	s	0.047
o	z	0.043
o	c	0.023
o	n	0.024
o	l	0.054
o	r	0.054
o	ṯ	0.024
o	ḏ	0.021
o	š	0.047
o	ž	0.043
o	č	0.023
o	ṉ	0.024
o	j	0.056
o	k	0.065
o	g	0.061
o	h	0.074
ó	a	0.212
ó	á	0.379
ó	e	0.103
ó	é	0.162
ó	i	0.098
ó	í	0.154
ó	o	0.438
ó	ó	1.0
ó	ö	0.225
ó	ő	0.4
ó	u	0.294
ó	ú	0.517
ó	ü	0.167
ó	ű	0.256
ó	p	0.057
ó	b	0.053
ó	f	0.118
ó	v	0.129
ó	m	0.059
ó	t	0.023
ó	d	0.02
ó	s	0.047
ó	z	0.043
ó	c	0.023
ó	n	0.024
ó	l	0.054
ó	r	0.054
ó	ṯ	0.024
ó	ḏ	0.021
ó	š	0.047
ó	ž	0.043
ó	č	0.023
ó	ṉ	0.024
ó	j	0.056
ó	k	0.065
ó	g	0.061
ó	h	0.074
ö	a	0.162
ö	á	0.103
ö	e	0.353
ö	é	0.211
ö	i	0.333
ö	í	0.2
ö	o	0.4
ö	ó	0.225
ö	ö	1.0
ö	ő	0.444
ö	u	0.27
ö	ú	0.175
ö	ü	0.529
ö	ű	0.3
ö	p	0.053
ö	b	0.049
ö	f	0.108
ö	v	0.118
ö	m	0.054
ö	t	0.043
ö	d	0.039
ö	s	0.091
ö	z	0.085
ö	c	0.043
ö	n	0.045
ö	l	0.105
ö	r	0.105
ö	ṯ	0.045
ö	ḏ	0.04
ö	š	0.091
ö	ž	0.085
ö	č	0.044
ö	ṉ	0.045
ö	j	0.108
ö	k	0.029
ö	g	0.027
ö	h	0.067
ő	a	0.103
ő	á	0.162
ő	e	0.211
ő	é	0.353
ő	i	0.2
ő	í	0.333
ő	o	0.225
ő	ó	0.4
ő	ö	0.444
ő	ő	1.0
ő	u	0.175
ő	ú	0.27
ő	ü	0.3
ő	ű	0.529
ő	p	0.053
ő	b	0.049
ő	f	0.108
ő	v	0.118
ő	m	0.054
ő	t	0.043
ő	d	0.039
ő	s	0.091
ő	z	0.085
ő	c	0.043
ő	n	0.045
ő	l	0.105
ő	r	0.105
ő	ṯ	0.045
ő	ḏ	0.04
ő	š	0.091
ő	ž	0.085
ő	č	0.044
ő	ṉ	0.045
ő	j	0.108
ő	k	0.029
ő	g	0.027
ő	h	0.067
u	a	0.226
u	á	0.152
u	e	0.108
u	é	0.079
u	i	0.229
u	í	0.132
u	o	0.517
u	ó	0.294
u	ö	0.27
u	ő	0.175
u	u	1.0
u	ú	0.448
u	ü	0.424
u	ű	0.237
u	p	0.061
u	b	0.056
u	f	0.125
u	v	0.138
u	m	0.062
u	t	0.024
u	d	0.021
u	s	0.049
u	z	0.045
u	c	0.024
u	n	0.025
u	l	0.057
u	r	0.057
u	ṯ	0.025
u	ḏ	0.022
u	š	0.049
u	ž	0.045
u	č	0.024
u	ṉ	0.025
u	j	0.059
u	k	0.069
u	g	0.065
u	h	0.08
ú	a	0.152
ú	á	0.226
ú	e	0.079
ú	é	0.108
ú	i	0.132
ú	í	0.229
ú	o	0.294
ú	ó	0.517
ú	ö	0.175
ú	ő	0.27
ú	u	0.448
ú	ú	1.0
ú	ü	0.237
ú	ű	0.424
ú	p	0.061
ú	b	0.056
ú	f	0.125
ú	v	0.138
ú	m	0.062
ú	t	0.024
ú	d	0.021
ú	s	0.049
ú	z	0.045
ú	c	0.024
ú	n	0.025
ú	l	0.057
ú	r	0.057
ú	ṯ	0.025
ú	ḏ	0.022
ú	š	0.049
ú	ž	0.045
ú	č	0.024
ú	ṉ	0.025
ú	j	0.059
ú	k	0.069
ú	g	0.065
ú	h	0.08
ü	a	0.103
ü	á	0.075
ü	e	0.211
ü	é	0.15
ü	i	0.5
ü	í	0.263
ü	o	0.256
ü	ó	0.167
ü	ö	0.529
ü	ő	0.3
ü	u	0.424
ü	ú	0.237
ü	ü	1.0
ü	ű	0.444
ü	p	0.053
ü	b	0.049
ü	f	0.108
ü	v	0.118
ü	m	0.054
ü	t	0.043
ü	d	0.039
ü	s	0.091
ü	z	0.085
ü	c	0.043
ü	n	0.045
ü	l	0.105
ü	r	0.105
ü	ṯ	0.045
ü	ḏ	0.04
ü	š	0.091
ü	ž	0.085
ü	č	0.044
ü	ṉ	0.045
ü	j	0.108
ü	k	0.029
ü	g	0.027
ü	h	0.067
ű	a	0.075
ű	á	0.103
ű	e	0.15
ű	é	0.211
ű	i	0.263
ű	í	0.5
ű	o	0.167
ű	ó	0.256
ű	ö	0.3
ű	ő	0.529
ű	u	0.237
ű	ú	0.424
ű	ü	0.444
ű	ű	1.0
ű	p	0.053
ű	b	0.049
ű	f	0.108
ű	v	0.118
ű	m	0.054
ű	t	0.043
ű	d	0.039
ű	s	0.091
ű	z	0.085
ű	c	0.043
ű	n	0.045
ű	l	0.105
ű	r	0.105
ű	ṯ	0.045
ű	ḏ	0.04
ű	š	0.091
ű	ž	0.085
ű	č	0.044
ű	ṉ	0.045
ű	j	0.108
ű	k	0.029
ű	g	0.027
ű	h	0.067
p	a	0.033
p	á	0.033
p	e	0.03
p	é	0.03
p	i	0.029
p	í	0.029
p	o	0.057
p	ó	0.057
p	ö	0.053
p	ő	0.053
p	u	0.061
p	ú	0.061
p	ü	0.053
p	ű	0.053
p	p	1.0
p	b	0.476
p	f	0.381
p	v	0.182
p	m	0.286
p	t	0.241
p	d	0.139
p	s	0.125
p	z	0.083
p	c	0.241
p	n	0.097
p	l	0.071
p	r	0.071
p	ṯ	0.259
p	ḏ	0.143
p	š	0.125
p	ž	0.083
p	č	0.25
p	ṉ	0.097
p	j	0.074
p	k	0.412
p	g	0.238
p	h	0.176
b	a	0.03
b	á	0.03
b	e	0.028
b	é	0.028
b	i	0.026
b	í	0.026
b	o	0.053
b	ó	0.053
b	ö	0.049
b	ő	0.049
b	u	0.056
b	ú	0.056
b	ü	0.049
b	ű	0.049
b	p	0.476
b	b	1.0
b	f	0.231
b	v	0.261
b	m	0.5
b	t	0.147
b	d	0.257
b	s	0.083
b	z	0.135
b	c	0.147
b	n	0.156
b	l	0.065
b	r	0.065
b	ṯ	0.156
b	ḏ	0.265
b	š	0.083
b	ž	0.135
b	č	0.152
b	ṉ	0.156
b	j	0.067
b	k	0.227
b	g	0.45
b	h	0.15
f	a	0.067
f	á	0.067
f	e	0.061
f	é	0.061
f	i	0.057
f	í	0.057
f	o	0.118
f	ó	0.118
f	ö	0.108
f	ő	0.108
f	u	0.125
f	ú	0.125
f	ü	0.108
f	ű	0.108
f	p	0.381
f	b	0.231
f	f	1.0
f	v	0.421
f	m	0.167
f	t	0.121
f	d	0.077
f	s	0.276
f	z	0.176
f	c	0.121
f	n	0.061
f	l	0.148
f	r	0.148
f	ṯ	0.129
f	ḏ	0.079
f	š	0.276
f	ž	0.176
f	č	0.125
f	ṉ	0.061
f	j	0.154
f	k	0.19
f	g	0.125
f	h	0.4
v	a	0.074
v	á	0.074
v	e	0.067
v	é	0.067
v	i	0.062
v	í	0.062
v	o	0.129
v	ó	0.129
v	ö	0.118
v	ő	0.118
v	u	0.138
v	ú	0.138
v	ü	0.118
v	ű	0.118
v	p	0.182
v	b	0.261
v	f	0.421
v	v	1.0
v	m	0.316
v	t	0.062
v	d	0.083
v	s	0.133
v	z	0.194
v	c	0.062
v	n	0.103
v	l	0.167
v	r	0.167
v	ṯ	0.067
v	ḏ	0.086
v	š	0.133
v	ž	0.194
v	č	0.065
v	ṉ	0.103
v	j	0.174
v	k	0.1
v	g	0.143
v	h	0.286
m	a	0.034
m	á	0.034
m	e	0.031
m	é	0.031
m	i	0.029
m	í	0.029
m	o	0.059
m	ó	0.059
m	ö	0.054
m	ő	0.054
m	u	0.062
m	ú	0.062
m	ü	0.054
m	ű	0.054
m	p	0.286
m	b	0.5
m	f	0.167
m	v	0.316
m	m	1.0
m	t	0.094
m	d	0.143
m	s	0.061
m	z	0.086
m	c	0.094
m	n	0.269
m	l	0.115
m	r	0.115
m	ṯ	0.1
m	ḏ	0.147
m	š	0.061
m	ž	0.086
m	č	0.097
m	ṉ	0.269
m	j	0.12
m	k	0.15
m	g	0.25
m	h	0.118
t	a	0.026
t	á	0.026
t	e	0.05
t	é	0.05
t	i	0.048
t	í	0.048
t	o	0.023
t	ó	0.023
t	ö	0.043
t	ő	0.043
t	u	0.024
t	ú	0.024
t	ü	0.043
t	ű	0.043
t	p	0.241
t	b	0.147
t	f	0.121
t	v	0.062
t	m	0.094
t	t	1.0
t	d	0.441
t	s	0.333
t	z	0.205
t	c	0.833
t	n	0.235
t	l	0.152
t	r	0.152
t	ṯ	0.909
t	ḏ	0.263
t	š	0.222
t	ž	0.146
t	č	0.483
t	ṉ	0.167
t	j	0.121
t	k	0.28
t	g	0.172
t	h	0.12
d	a	0.023
d	á	0.023
d	e	0.044
d	é	0.044
d	i	0.043
d	í	0.043
d	o	0.02
d	ó	0.02
d	ö	0.039
d	ő	0.039
d	u	0.021
d	ú	0.021
d	ü	0.039
d	ű	0.039
d	p	0.139
d	b	0.257
d	f	0.077
d	v	0.083
d	m	0.143
d	t	0.441
d	d	1.0
d	s	0.195
d	z	0.368
d	c	0.4
d	n	0.424
d	l	0.132
d	r	0.132
d	ṯ	0.424
d	ḏ	0.514
d	š	0.14
d	ž	0.238
d	č	0.263
d	ṉ	0.27
d	j	0.105
d	k	0.156
d	g	0.3
d	h	0.1
s	a	0.054
s	á	0.054
s	e	0.105
s	é	0.105
s	i	0.1
s	í	0.1
s	o	0.047
s	ó	0.047
s	ö	0.091
s	ő	0.091
s	u	0.049
s	ú	0.049
s	ü	0.091
s	ű	0.091
s	p	0.125
s	b	0.083
s	f	0.276
s	v	0.133
s	m	0.061
s	t	0.333
s	d	0.195
s	s	1.0
s	z	0.516
s	c	0.333
s	n	0.135
s	l	0.357
s	r	0.357
s	ṯ	0.355
s	ḏ	0.143
s	š	0.571
s	ž	0.343
s	č	0.229
s	ṉ	0.105
s	j	0.276
s	k	0.143
s	g	0.097
s	h	0.273
z	a	0.05
z	á	0.05
z	e	0.098
z	é	0.098
z	i	0.093
z	í	0.093
z	o	0.043
z	ó	0.043
z	ö	0.085
z	ő	0.085
z	u	0.045
z	ú	0.045
z	ü	0.085
z	ű	0.085
z	p	0.083
z	b	0.135
z	f	0.176
z	v	0.194
z	m	0.086
z	t	0.205
z	d	0.368
z	s	0.516
z	z	1.0
z	c	0.205
z	n	0.216
z	l	0.323
z	r	0.323
z	ṯ	0.216
z	ḏ	0.244
z	š	0.343
z	ž	0.562
z	č	0.15
z	ṉ	0.154
z	j	0.25
z	k	0.094
z	g	0.156
z	h	0.24
c	a	0.026
c	á	0.026
c	e	0.05
c	é	0.05
c	i	0.048
c	í	0.048
c	o	0.023
c	ó	0.023
c	ö	0.043
c	ő	0.043
c	u	0.024
c	ú	0.024
c	ü	0.043
c	ű	0.043
c	p	0.241
c	b	0.147
c	f	0.121
c	v	0.062
c	m	0.094
c	t	0.833
c	d	0.4
c	s	0.333
c	z	0.205
c	c	1.0
c	n	0.235
c	l	0.152
c	r	0.152
c	ṯ	0.909
c	ḏ	0.263
c	š	0.222
c	ž	0.146
c	č	0.536
c	ṉ	0.167
c	j	0.121
c	k	0.28
c	g	0.172
c	h	0.12
n	a	0.028
n	á	0.028
n	e	0.053
n	é	0.053
n	i	0.05
n	í	0.05
n	o	0.024
n	ó	0.024
n	ö	0.045
n	ő	0.045
n	u	0.025
n	ú	0.025
n	ü	0.045
n	ű	0.045
n	p	0.097
n	b	0.156
n	f	0.061
n	v	0.103
n	m	0.269
n	t	0.235
n	d	0.424
n	s	0.135
n	z	0.216
n	c	0.235
n	n	1.0
n	l	0.286
n	r	0.286
n	ṯ	0.25
n	ḏ	0.278
n	š	0.105
n	ž	0.154
n	č	0.171
n	ṉ	0.538
n	j	0.207
n	k	0.111
n	g	0.185
n	h	0.083
l	a	0.065
l	á	0.065
l	e	0.125
l	é	0.125
l	i	0.118
l	í	0.118
l	o	0.054
l	ó	0.054
l	ö	0.105
l	ő	0.105
l	u	0.057
l	ú	0.057
l	ü	0.105
l	ű	0.105
l	p	0.071
l	b	0.065
l	f	0.148
l	v	0.167
l	m	0.115
l	t	0.152
l	d	0.132
l	s	0.357
l	z	0.323
l	c	0.152
l	n	0.286
l	l	1.0
l	r	0.882
l	ṯ	0.161
l	ḏ	0.105
l	š	0.267
l	ž	0.242
l	č	0.121
l	ṉ	0.2
l	j	0.55
l	k	0.083
l	g	0.077
l	h	0.222
r	a	0.065
r	á	0.065
r	e	0.125
r	é	0.125
r	i	0.118
r	í	0.118
r	o	0.054
r	ó	0.054
r	ö	0.105
r	ő	0.105
r	u	0.057
r	ú	0.057
r	ü	0.105
r	ű	0.105
r	p	0.071
r	b	0.065
r	f	0.148
r	v	0.167
r	m	0.115
r	t	0.152
r	d	0.132
r	s	0.357
r	z	0.323
r	c	0.152
r	n	0.286
r	l	0.882
r	r	1.0
r	ṯ	0.161
r	ḏ	0.105
r	š	0.267
r	ž	0.242
r	č	0.121
r	ṉ	0.2
r	j	0.55
r	k	0.083
r	g	0.077
r	h	0.222
ṯ	a	0.028
ṯ	á	0.028
ṯ	e	0.053
ṯ	é	0.053
ṯ	i	0.05
ṯ	í	0.05
ṯ	o	0.024
ṯ	ó	0.024
ṯ	ö	0.045
ṯ	ő	0.045
ṯ	u	0.025
ṯ	ú	0.025
ṯ	ü	0.045
ṯ	ű	0.045
ṯ	p	0.259
ṯ	b	0.156
ṯ	f	0.129
ṯ	v	0.067
ṯ	m	0.1
ṯ	t	0.909
ṯ	d	0.424
ṯ	s	0.355
ṯ	z	0.216
ṯ	c	0.909
ṯ	n	0.25
ṯ	l	0.161
ṯ	r	0.161
ṯ	ṯ	1.0
ṯ	ḏ	0.278
ṯ	š	0.235
ṯ	ž	0.154
ṯ	č	0.519
ṯ	ṉ	0.176
ṯ	j	0.129
ṯ	k	0.304
ṯ	g	0.185
ṯ	h	0.13
ḏ	a	0.024
ḏ	á	0.024
ḏ	e	0.045
ḏ	é	0.045
ḏ	i	0.043
ḏ	í	0.043
ḏ	o	0.021
ḏ	ó	0.021
ḏ	ö	0.04
ḏ	ő	0.04
ḏ	u	0.022
ḏ	ú	0.022
ḏ	ü	0.04
ḏ	ű	0.04
ḏ	p	0.143
ḏ	b	0.265
ḏ	f	0.079
ḏ	v	0.086
ḏ	m	0.147
ḏ	t	0.263
ḏ	d	0.514
ḏ	s	0.143
ḏ	z	0.244
ḏ	c	0.263
ḏ	n	0.278
ḏ	l	0.105
ḏ	r	0.105
ḏ	ṯ	0.278
ḏ	ḏ	1.0
ḏ	š	0.2
ḏ	ž	0.378
ḏ	č	0.424
ḏ	ṉ	0.438
ḏ	j	0.139
ḏ	k	0.161
ḏ	g	0.31
ḏ	h	0.103
š	a	0.054
š	á	0.054
š	e	0.105
š	é	0.105
š	i	0.1
š	í	0.1
š	o	0.047
š	ó	0.047
š	ö	0.091
š	ő	0.091
š	u	0.049
š	ú	0.049
š	ü	0.091
š	ű	0.091
š	p	0.125
š	b	0.083
š	f	0.276
š	v	0.133
š	m	0.061
š	t	0.222
š	d	0.14
š	s	0.571
š	z	0.343
š	c	0.222
š	n	0.105
š	l	0.267
š	r	0.267
š	ṯ	0.235
š	ḏ	0.2
š	š	1.0
š	ž	0.516
š	č	0.344
š	ṉ	0.135
š	j	0.37
š	k	0.143
š	g	0.097
š	h	0.273
ž	a	0.05
ž	á	0.05
ž	e	0.098
ž	é	0.098
ž	i	0.093
ž	í	0.093
ž	o	0.043
ž	ó	0.043
ž	ö	0.085
ž	ő	0.085
ž	u	0.045
ž	ú	0.045
ž	ü	0.085
ž	ű	0.085
ž	p	0.083
ž	b	0.135
ž	f	0.176
ž	v	0.194
ž	m	0.086
ž	t	0.146
ž	d	0.238
ž	s	0.343
ž	z	0.562
ž	c	0.146
ž	n	0.154
ž	l	0.242
ž	r	0.242
ž	ṯ	0.154
ž	ḏ	0.378
ž	š	0.516
ž	ž	1.0
ž	č	0.211
ž	ṉ	0.216
ž	j	0.333
ž	k	0.094
ž	g	0.156
ž	h	0.24
č	a	0.027
č	á	0.027
č	e	0.051
č	é	0.051
č	i	0.049
č	í	0.049
č	o	0.023
č	ó	0.023
č	ö	0.044
č	ő	0.044
č	u	0.024
č	ú	0.024
č	ü	0.044
č	ű	0.044
č	p	0.25
č	b	0.152
č	f	0.125
č	v	0.065
č	m	0.097
č	t	0.483
č	d	0.263
č	s	0.229
č	z	0.15
č	c	0.536
č	n	0.171
č	l	0.121
č	r	0.121
č	ṯ	0.519
č	ḏ	0.424
č	š	0.344
č	ž	0.211
č	č	1.0
č	ṉ	0.242
č	j	0.161
č	k	0.292
č	g	0.179
č	h	0.125
ṉ	a	0.028
ṉ	á	0.028
ṉ	e	0.053
ṉ	é	0.053
ṉ	i	0.05
ṉ	í	0.05
ṉ	o	0.024
ṉ	ó	0.024
ṉ	ö	0.045
ṉ	ő	0.045
ṉ	u	0.025
ṉ	ú	0.025
ṉ	ü	0.045
ṉ	ű	0.045
ṉ	p	0.097
ṉ	b	0.156
ṉ	f	0.061
ṉ	v	0.103
ṉ	m	0.269
ṉ	t	0.167
ṉ	d	0.27
ṉ	s	0.105
ṉ	z	0.154
ṉ	c	0.167
ṉ	n	0.538
ṉ	l	0.2
ṉ	r	0.2
ṉ	ṯ	0.176
ṉ	ḏ	0.438
ṉ	š	0.135
ṉ	ž	0.216
ṉ	č	0.242
ṉ	ṉ	1.0
ṉ	j	0.296
ṉ	k	0.111
ṉ	g	0.185
ṉ	h	0.083
j	a	0.067
j	á	0.067
j	e	0.129
j	é	0.129
j	i	0.121
j	í	0.121
j	o	0.056
j	ó	0.056
j	ö	0.108
j	ő	0.108
j	u	0.059
j	ú	0.059
j	ü	0.108
j	ű	0.108
j	p	0.074
j	b	0.067
j	f	0.154
j	v	0.174
j	m	0.12
j	t	0.121
j	d	0.105
j	s	0.276
j	z	0.25
j	c	0.121
j	n	0.207
j	l	0.55
j	r	0.55
j	ṯ	0.129
j	ḏ	0.139
j	š	0.37
j	ž	0.333
j	č	0.161
j	ṉ	0.296
j	j	1.0
j	k	0.087
j	g	0.08
j	h	0.235
k	a	0.08
k	á	0.08
k	e	0.034
k	é	0.034
k	i	0.032
k	í	0.032
k	o	0.065
k	ó	0.065
k	ö	0.029
k	ő	0.029
k	u	0.069
k	ú	0.069
k	ü	0.029
k	ű	0.029
k	p	0.412
k	b	0.227
k	f	0.19
k	v	0.1
k	m	0.15
k	t	0.28
k	d	0.156
k	s	0.143
k	z	0.094
k	c	0.28
k	n	0.111
k	l	0.083
k	r	0.083
k	ṯ	0.304
k	ḏ	0.161
k	š	0.143
k	ž	0.094
k	č	0.292
k	ṉ	0.111
k	j	0.087
k	k	1.0
k	g	0.467
k	h	0.231
g	a	0.074
g	á	0.074
g	e	0.032
g	é	0.032
g	i	0.03
g	í	0.03
g	o	0.061
g	ó	0.061
g	ö	0.027
g	ő	0.027
g	u	0.065
g	ú	0.065
g	ü	0.027
g	ű	0.027
g	p	0.238
g	b	0.45
g	f	0.125
g	v	0.143
g	m	0.25
g	t	0.172
g	d	0.3
g	s	0.097
g	z	0.156
g	c	0.172
g	n	0.185
g	l	0.077
g	r	0.077
g	ṯ	0.185
g	ḏ	0.31
g	š	0.097
g	ž	0.156
g	č	0.179
g	ṉ	0.185
g	j	0.08
g	k	0.467
g	g	1.0
g	h	0.2
h	a	0.095
h	á	0.095
h	e	0.083
h	é	0.083
h	i	0.077
h	í	0.077
h	o	0.074
h	ó	0.074
h	ö	0.067
h	ő	0.067
h	u	0.08
h	ú	0.08
h	ü	0.067
h	ű	0.067
h	p	0.176
h	b	0.15
h	f	0.4
h	v	0.286
h	m	0.118
h	t	0.12
h	d	0.1
h	s	0.273
h	z	0.24
h	c	0.12
h	n	0.083
h	l	0.222
h	r	0.222
h	ṯ	0.13
h	ḏ	0.103
h	š	0.273
h	ž	0.24
h	č	0.125
h	ṉ	0.083
h	j	0.235
h	k	0.231
h	g	0.2
h	h	1.0
